Date,Open,High,Low,Close,Adj Close,Volume
21/09/15,544.330017,549.780029,539.590027,548.390015,548.390015,3283300
22/09/15,539.710022,543.549988,532.659973,538.400024,538.400024,3841700
23/09/15,538.299988,541.210022,534,536.070007,536.070007,2237600
24/09/15,530.549988,534.559998,522.869995,533.75,533.75,3501000
25/09/15,542.570007,542.799988,521.400024,524.25,524.25,4031000
28/09/15,520.02002,520.280029,494.329987,504.059998,504.059998,5434500
29/09/15,506,511.480011,490.5,496.070007,496.070007,4457500
30/09/15,505.440002,512.799988,501.670013,511.890015,511.890015,4004700
01/10/15,511,520.799988,506,520.719971,520.719971,3768500
02/10/15,512.98999,532.599976,508.100006,532.539978,532.539978,4597800
05/10/15,536.98999,545.909973,536,543.679993,543.679993,3391400
06/10/15,545.5,551.5,533.330017,537.47998,537.47998,4502800
07/10/15,541.789978,542,529,541.940002,541.940002,3812100
08/10/15,536.710022,539.390015,519.890015,533.159973,533.159973,4676400
09/10/15,534.47998,541.789978,530.27002,539.799988,539.799988,3537400
12/10/15,539.960022,550.820007,539.799988,550.190002,550.190002,2776100
13/10/15,546.26001,553.200012,543.099976,548.900024,548.900024,2938000
14/10/15,551.340027,552.25,539.679993,544.830017,544.830017,3582100
15/10/15,547.75,563,547,562.440002,562.440002,4937000
16/10/15,565.27002,570.940002,560.309998,570.76001,570.76001,4315800
19/10/15,570.76001,579,567.380005,573.150024,573.150024,4375400
20/10/15,572,573,555.280029,560.880005,560.880005,4346200
21/10/15,563.869995,565.25,552.52002,555.77002,555.77002,3343600
22/10/15,562.700012,569.150024,556.669983,563.909973,563.909973,7779400
23/10/15,617.679993,619.450012,595.359985,599.030029,599.030029,10692700
26/10/15,602.299988,609.849976,596.289978,608.609985,608.609985,4269700
27/10/15,608.599976,614.710022,605.530029,611.01001,611.01001,3787100
28/10/15,612.299988,617.22998,609.5,617.099976,617.099976,3926200
29/10/15,617.700012,627.539978,615.390015,626.549988,626.549988,3896000
30/10/15,626.01001,630.719971,625.280029,625.900024,625.900024,3874400
02/11/15,627.130005,628.630005,620.409973,628.349976,628.349976,2816500
03/11/15,629.530029,629.890015,622,625.309998,625.309998,3246900
04/11/15,627.76001,645.929993,627.349976,640.950012,640.950012,4840500
05/11/15,647.099976,657,643.090027,655.650024,655.650024,4723800
06/11/15,655,662.26001,652,659.369995,659.369995,4092200
09/11/15,658.650024,661.960022,647.849976,655.48999,655.48999,4048800
10/11/15,651.01001,660,647.26001,659.679993,659.679993,3489500
11/11/15,663.25,675.960022,663.25,673.25,673.25,5387300
12/11/15,673,675.640015,664.219971,665.599976,665.599976,4284700
13/11/15,663.570007,667,640.450012,642.349976,642.349976,6261100
16/11/15,640.919983,649.98999,622.289978,647.809998,647.809998,7435900
17/11/15,650.650024,653.25,641,643.299988,643.299988,4320200
18/11/15,646.51001,664.880005,646.369995,663.539978,663.539978,4469800
19/11/15,664.98999,672.859985,659,661.27002,661.27002,4705200
20/11/15,667.940002,668.869995,657.570007,668.450012,668.450012,3896100
23/11/15,671.5,682.77002,670.119995,678.98999,678.98999,4385100
24/11/15,674.140015,675.799988,661.210022,671.150024,671.150024,4543400
25/11/15,675,679.700012,671.23999,675.340027,675.340027,2697900
27/11/15,680.799988,680.98999,672.099976,673.26001,673.26001,1966800
30/11/15,675.900024,681.289978,664.599976,664.799988,664.799988,5693200
01/12/15,673.75,681,667.859985,679.059998,679.059998,4751200
02/12/15,681,684.820007,674.25,676.01001,676.01001,4273500
03/12/15,679.440002,682.789978,661.47998,666.25,666.25,5064700
04/12/15,666,674.780029,661.400024,672.640015,672.640015,4534800
07/12/15,674.73999,675.460022,660.5,669.830017,669.830017,3732800
08/12/15,663.130005,679.98999,659.789978,677.330017,677.330017,3651900
09/12/15,678,679,655.679993,664.789978,664.789978,5158200
10/12/15,665.590027,668.530029,659.559998,662.320007,662.320007,3455500
11/12/15,651.22998,657.880005,639.619995,640.150024,640.150024,5474400
14/12/15,641.75,658.590027,635.27002,657.909973,657.909973,4329700
15/12/15,665.030029,671.5,657.349976,658.640015,658.640015,4753400
16/12/15,663.559998,677.349976,659.320007,675.77002,675.77002,3964500
17/12/15,680,682.5,670.650024,670.650024,670.650024,3681600
18/12/15,668.650024,676.840027,664.130005,664.140015,664.140015,6841300
21/12/15,668.5,669.900024,658.929993,664.51001,664.51001,3250900
22/12/15,666.830017,668.48999,659.26001,663.150024,663.150024,2667800
23/12/15,666.5,666.599976,656.630005,663.700012,663.700012,2722900
24/12/15,663.349976,664.679993,660.599976,662.789978,662.789978,1091200
28/12/15,665.559998,675.5,665.5,675.200012,675.200012,3783600
29/12/15,677.97998,696.440002,677.890015,693.969971,693.969971,5735000
30/12/15,691.890015,695.48999,686.380005,689.070007,689.070007,3519000
31/12/15,686.080017,687.75,675.890015,675.890015,675.890015,3749600
04/01/16,656.289978,657.719971,627.51001,636.98999,636.98999,9314500
05/01/16,646.859985,646.909973,627.650024,633.789978,633.789978,5822600
06/01/16,622,639.789978,620.309998,632.650024,632.650024,5329200
07/01/16,621.799988,630,605.210022,607.940002,607.940002,7074900
08/01/16,619.659973,624.140015,606,607.049988,607.049988,5512900
11/01/16,612.47998,619.849976,598.570007,617.73999,617.73999,4891600
12/01/16,625.25,625.98999,612.23999,617.890015,617.890015,4724100
13/01/16,620.880005,620.880005,579.159973,581.809998,581.809998,7655200
14/01/16,580.25,602.25,569.880005,593,593,7238000
15/01/16,572.23999,584.619995,565.299988,570.179993,570.179993,7784500
19/01/16,577.090027,584,566.450012,574.47998,574.47998,4807200
20/01/16,564.359985,578.450012,547.179993,571.77002,571.77002,7966400
21/01/16,573.580017,588.809998,568.219971,575.02002,575.02002,4952200
22/01/16,588.72998,600.099976,584.109985,596.380005,596.380005,5120100
25/01/16,597.98999,608.5,594.559998,596.530029,596.530029,4396100
26/01/16,603.450012,604.5,590.380005,601.25,601.25,3765700
27/01/16,601.98999,603.390015,578.780029,583.349976,583.349976,5152900
28/01/16,608.369995,638.059998,597.549988,635.349976,635.349976,14015200
29/01/16,571.97998,593,570,587,587,14677600
01/02/16,578.150024,581.799988,570.309998,574.809998,574.809998,6355100
02/02/16,570,571.559998,550.090027,552.099976,552.099976,6312000
03/02/16,553.5,556,521.900024,531.070007,531.070007,10048700
04/02/16,525,538.98999,519.219971,536.26001,536.26001,6199100
05/02/16,529.280029,529.450012,499.190002,502.130005,502.130005,9708900
08/02/16,486.470001,493.5,475.209991,488.100006,488.100006,9825500
09/02/16,478.01001,498.380005,474,482.070007,482.070007,7077900
10/02/16,491.76001,504.660004,486,490.480011,490.480011,6786200
11/02/16,491.170013,509.299988,484,503.820007,503.820007,7397400
12/02/16,510.700012,516.75,501.48999,507.079987,507.079987,5384800
16/02/16,519.47998,524.450012,511.660004,521.099976,521.099976,5118500
17/02/16,528.73999,537.47998,519.390015,534.099976,534.099976,4824000
18/02/16,541.190002,541.200012,523.72998,525,525,4735000
19/02/16,520.710022,535.950012,515.349976,534.900024,534.900024,4974700
22/02/16,542.200012,560.650024,541.080017,559.5,559.5,5566600
23/02/16,555.549988,556.909973,545.330017,552.940002,552.940002,4050800
24/02/16,545.75,554.27002,533.150024,554.039978,554.039978,6231700
25/02/16,555.52002,559.390015,545.289978,555.150024,555.150024,4525500
26/02/16,560.119995,562.5,553.169983,555.22998,555.22998,4877000
29/02/16,554,564.809998,552.51001,552.52002,552.52002,4145400
01/03/16,556.289978,579.25,556,579.039978,579.039978,5038500
02/03/16,581.75,585,573.700012,580.210022,580.210022,4582200
03/03/16,577.960022,579.869995,573.109985,577.48999,577.48999,2741300
04/03/16,581.070007,581.400024,571.070007,575.140015,575.140015,3416500
07/03/16,573.539978,573.630005,555.549988,562.799988,562.799988,4926900
08/03/16,557.869995,571.349976,554.73999,560.26001,560.26001,4730000
09/03/16,559.559998,560.349976,550.130005,559.469971,559.469971,4377300
10/03/16,566.73999,567,547.900024,558.929993,558.929993,3919900
11/03/16,566.950012,570.059998,562.72998,569.609985,569.609985,3771300
14/03/16,567,576.890015,563.049988,573.369995,573.369995,3454200
15/03/16,571,581.52002,567,577.02002,577.02002,3876800
16/03/16,576.640015,581.320007,571.140015,574.27002,574.27002,3537700
17/03/16,569.51001,571.400024,555.01001,559.440002,559.440002,5928100
18/03/16,560.940002,562.330017,546.090027,552.080017,552.080017,7296900
21/03/16,548.909973,555.23999,538.580017,553.97998,553.97998,5155700
22/03/16,545.109985,562.76001,545.049988,560.47998,560.47998,4000600
23/03/16,561,572.47998,558.099976,569.630005,569.630005,3983700
24/03/16,567.109985,583.549988,567.080017,582.950012,582.950012,5185500
28/03/16,584.400024,584.75,575.559998,579.869995,579.869995,3121500
29/03/16,580.150024,595.849976,576.5,593.859985,593.859985,4392600
30/03/16,596.710022,603.23999,595,598.690002,598.690002,3890500
31/03/16,599.280029,600.75,592.210022,593.640015,593.640015,2681800
01/04/16,590.48999,599.030029,588.299988,598.5,598.5,2917400
04/04/16,599,599.5,590.549988,593.190002,593.190002,2470800
05/04/16,590.77002,593.469971,585.25,586.140015,586.140015,2308900
06/04/16,587.52002,602.390015,587.5,602.080017,602.080017,2849900
07/04/16,598.76001,599.599976,589.080017,591.429993,591.429993,3189000
08/04/16,594.320007,597.859985,589,594.599976,594.599976,2591900
11/04/16,596.140015,604,594.909973,595.929993,595.929993,2704300
12/04/16,598.400024,604.059998,592.309998,603.169983,603.169983,2641100
13/04/16,607.679993,616.809998,605.289978,614.820007,614.820007,4228300
14/04/16,615.070007,624.380005,615.070007,620.75,620.75,3512100
15/04/16,621.919983,626.77002,618.109985,625.890015,625.890015,2887700
18/04/16,625.349976,637.640015,624.960022,635.349976,635.349976,4360900
19/04/16,637.140015,638.01001,620.799988,627.900024,627.900024,4055900
20/04/16,630,636.549988,623,632.98999,632.98999,2609400
21/04/16,631,637.820007,628.5,631,631,2596300
22/04/16,624.469971,628.25,611.559998,620.5,620.5,5083900
25/04/16,616.609985,626.97998,616.25,626.200012,626.200012,2682900
26/04/16,626.169983,626.75,614.880005,616.880005,616.880005,2521400
27/04/16,611.799988,615.950012,601.280029,606.570007,606.570007,4068800
28/04/16,615.539978,626.799988,599.200012,602,602,7872600
29/04/16,666,669.97998,654,659.590027,659.590027,10310700
02/05/16,663.919983,685.5,662.030029,683.849976,683.849976,6578500
03/05/16,677.359985,680.299988,670.429993,671.320007,671.320007,4923400
04/05/16,662.590027,674,662.140015,670.900024,670.900024,4635500
05/05/16,673.309998,676.48999,656,659.090027,659.090027,4884100
06/05/16,656.049988,676.950012,656.01001,673.950012,673.950012,4365300
09/05/16,673.950012,686.97998,671.409973,679.75,679.75,3982200
10/05/16,694,704.549988,693.5,703.070007,703.070007,6105600
11/05/16,705.789978,719,701.650024,713.22998,713.22998,7338200
12/05/16,717.380005,722.450012,711.51001,717.929993,717.929993,5048200
13/05/16,714.640015,719.25,706.51001,709.919983,709.919983,4763400
16/05/16,710.130005,713.25,700.280029,710.659973,710.659973,5432900
17/05/16,709.900024,714.469971,693.909973,695.27002,695.27002,5121400
18/05/16,689.559998,702.539978,688.76001,697.450012,697.450012,4283200
19/05/16,691.880005,699.400024,689.559998,698.52002,698.52002,3025600
20/05/16,701.049988,707.23999,700,702.799988,702.799988,2916200
23/05/16,704.25,706,696.419983,696.75,696.75,2595100
24/05/16,698.01001,707.5,698,704.200012,704.200012,3033800
25/05/16,708,710.859985,705.52002,708.349976,708.349976,3267700
26/05/16,708.330017,715,707.289978,714.909973,714.909973,2446700
27/05/16,715,716.599976,711.099976,712.23999,712.23999,2249200
31/05/16,712.330017,724.22998,711.320007,722.789978,722.789978,3618300
01/06/16,720.900024,726.429993,718.219971,719.440002,719.440002,3263100
02/06/16,720.969971,728.280029,715.5,728.23999,728.23999,3026600
03/06/16,726.73999,727,718.429993,725.539978,725.539978,3367300
06/06/16,726.5,731.5,724.419983,726.72998,726.72998,2704800
07/06/16,729.890015,730,720.549988,723.73999,723.73999,2732500
08/06/16,726.400024,729.419983,721.599976,726.640015,726.640015,2223400
09/06/16,723.099976,728.909973,722.299988,727.650024,727.650024,2170300
10/06/16,722.349976,724.97998,714.210022,717.909973,717.909973,3425700
13/06/16,714.01001,721.98999,711.159973,715.23999,715.23999,3352200
14/06/16,712.330017,720.809998,712.27002,719.299988,719.299988,2506900
15/06/16,722,722.559998,713.349976,714.26001,714.26001,2709400
16/06/16,712.049988,718,705.299988,717.51001,717.51001,3098000
17/06/16,718.190002,718.200012,699.179993,706.390015,706.390015,5897800
20/06/16,713.5,721.309998,710.809998,714.01001,714.01001,3677200
21/06/16,715.719971,718.400024,712.719971,715.820007,715.820007,2137500
22/06/16,716.580017,717,707.570007,710.599976,710.599976,2260500
23/06/16,715.5,722.119995,712.5,722.080017,722.080017,2825000
24/06/16,693,712.530029,692.200012,698.960022,698.960022,7632500
27/06/16,692.01001,696.820007,682.119995,691.359985,691.359985,5568000
28/06/16,700,708,698.169983,707.950012,707.950012,4037000
29/06/16,715.75,719.5,713.539978,715.599976,715.599976,3070100
30/06/16,717.200012,719.369995,712.539978,715.619995,715.619995,2855100
01/07/16,717.320007,728,716.539978,725.679993,725.679993,2920400
05/07/16,722.799988,729.559998,719.609985,728.099976,728.099976,2431400
06/07/16,725.710022,737.77002,722.580017,737.609985,737.609985,3938200
07/07/16,739.330017,739.549988,731.630005,736.570007,736.570007,2945800
08/07/16,740.140015,746.099976,738,745.809998,745.809998,3429200
11/07/16,750,755.900024,747,753.780029,753.780029,3195300
12/07/16,756.859985,757.340027,740.330017,748.210022,748.210022,5623700
13/07/16,746.76001,756.869995,741.25,742.630005,742.630005,4142300
14/07/16,748.859985,749.039978,739.02002,741.200012,741.200012,2390500
15/07/16,746.549988,746.549988,734.049988,735.440002,735.440002,3121400
18/07/16,735.48999,741.599976,728.719971,736.070007,736.070007,2954900
19/07/16,732.5,743.330017,732.309998,739.950012,739.950012,2216800
20/07/16,744,746.25,740.700012,745.719971,745.719971,2214000
21/07/16,747.5,749.359985,742.789978,744.429993,744.429993,2317100
22/07/16,747.789978,751.280029,743.530029,744.859985,744.859985,2277700
25/07/16,746.549988,748.5,735.349976,739.609985,739.609985,2679300
26/07/16,742.710022,743.130005,732.75,735.590027,735.590027,2529700
27/07/16,737.969971,740.940002,733.859985,736.669983,736.669983,2913100
28/07/16,745.97998,753.359985,739.700012,752.609985,752.609985,7617600
29/07/16,765,766,755,758.809998,758.809998,6777100
01/08/16,759.869995,770.5,757.059998,767.73999,767.73999,3578200
02/08/16,763.809998,765.01001,757.02002,760.580017,760.580017,3603300
03/08/16,757.059998,758.890015,752.25,754.640015,754.640015,3581500
04/08/16,753.700012,765,750.349976,760.77002,760.77002,3178200
05/08/16,764.809998,768.469971,763.090027,765.97998,765.97998,2704400
08/08/16,766.809998,767,761.02002,766.559998,766.559998,1986300
09/08/16,767.390015,772.599976,766.900024,768.309998,768.309998,1876100
10/08/16,769.799988,772.099976,766.190002,768.559998,768.559998,1604300
11/08/16,769.940002,773.75,769.119995,771.23999,771.23999,2019700
12/08/16,768.460022,773.150024,768.419983,772.559998,772.559998,1563300
15/08/16,771.900024,772.039978,767.710022,768.48999,768.48999,2118500
16/08/16,768.619995,768.72998,763.820007,764.039978,764.039978,1604600
17/08/16,764.409973,765.219971,759.200012,764.630005,764.630005,1891100
18/08/16,764,765.169983,760.599976,764.460022,764.460022,1458800
19/08/16,761.900024,762.48999,756.890015,757.309998,757.309998,2343200
22/08/16,757.5,759.849976,752.099976,759.47998,759.47998,1679300
23/08/16,763.309998,764.700012,761,762.450012,762.450012,1524100
24/08/16,763,763.409973,755.359985,757.25,757.25,1744100
25/08/16,756,760.559998,754.73999,759.219971,759.219971,1623000
26/08/16,760.049988,770,759.799988,769,769,2776800
29/08/16,768.719971,774.97998,768.599976,771.289978,771.289978,2198600
30/08/16,771.049988,771.840027,765.559998,767.580017,767.580017,1709200
31/08/16,766.599976,769.640015,764,769.159973,769.159973,1633800
01/09/16,770.900024,772.039978,766.75,770.619995,770.619995,1792300
02/09/16,774.109985,776,771.700012,772.440002,772.440002,2181800
06/09/16,774.039978,789.47998,770.219971,788.869995,788.869995,3719800
07/09/16,789.530029,790.789978,784.330017,784.47998,784.47998,2424600
08/09/16,783.890015,786.5,781.440002,784.059998,784.059998,2030500
09/09/16,779.359985,781,760.109985,760.140015,760.140015,4257300
12/09/16,757.349976,772.659973,756,771.48999,771.48999,3124700
13/09/16,768.77002,769.890015,759.049988,761.01001,761.01001,3117200
14/09/16,762.200012,767.5,758.849976,761.090027,761.090027,2523000
15/09/16,762,770.869995,757.580017,769.690002,769.690002,3034000
16/09/16,773.280029,780.460022,771.659973,778.52002,778.52002,5499200
19/09/16,779.969971,781.940002,771,775.099976,775.099976,2297200
20/09/16,776,781.369995,776,780.219971,780.219971,1937200
21/09/16,783.25,790.690002,779.01001,789.73999,789.73999,2718600
22/09/16,794.27002,805.890015,794.27002,804.700012,804.700012,4078900
23/09/16,803.130005,807.75,802.119995,805.75,805.75,2353500
26/09/16,801.799988,805.929993,797.150024,799.159973,799.159973,2651400
27/09/16,801.849976,816.640015,801.109985,816.109985,816.109985,3819600
28/09/16,818,830.140015,817.030029,828.719971,828.719971,4422100
29/09/16,828.26001,837.5,824.630005,829.049988,829.049988,4922200
30/09/16,832.609985,839.950012,832.400024,837.309998,837.309998,4430600
03/10/16,836,839.859985,831.25,836.73999,836.73999,2769400
04/10/16,840.909973,842.369995,830.26001,834.030029,834.030029,2950300
05/10/16,838,845.669983,836.119995,844.359985,844.359985,3469100
06/10/16,843.700012,847.210022,840.599976,841.659973,841.659973,2684000
07/10/16,845.789978,845.950012,837.450012,839.429993,839.429993,2426200
10/10/16,843.25,845.200012,840.27002,841.710022,841.710022,1827100
11/10/16,841.02002,841.289978,828.349976,831,831,3588200
12/10/16,834,837.669983,830.099976,834.090027,834.090027,2380400
13/10/16,829,831.799988,821.210022,829.280029,829.280029,3091400
14/10/16,835.080017,835.73999,822.960022,822.960022,822.960022,2999800
17/10/16,821.5,822,811.679993,812.950012,812.950012,3361500
18/10/16,822.109985,823.26001,815.02002,817.650024,817.650024,2512500
19/10/16,820.400024,820.669983,815.169983,817.690002,817.690002,2090700
20/10/16,813.98999,815.710022,803.099976,810.320007,810.320007,3152000
21/10/16,809.359985,819.419983,809,818.98999,818.98999,2793000
24/10/16,824.950012,838.299988,822.210022,838.090027,838.090027,4060900
25/10/16,839.299988,843.090027,833.219971,835.179993,835.179993,3248400
26/10/16,832.76001,833.440002,820,822.590027,822.590027,3998100
27/10/16,831.23999,831.719971,815.429993,818.359985,818.359985,7406400
28/10/16,782,789.48999,774.609985,776.320007,776.320007,10841100
31/10/16,781.030029,793.700012,780.109985,789.820007,789.820007,5413300
01/11/16,799,800.840027,776.710022,785.409973,785.409973,5305400
02/11/16,783.929993,784.75,763.549988,765.559998,765.559998,5026500
03/11/16,765.049988,777,764,767.030029,767.030029,3872500
04/11/16,762.789978,766,753.22998,755.049988,755.049988,5122100
07/11/16,771.640015,787.72998,770.940002,784.929993,784.929993,5984400
08/11/16,784.969971,791.73999,779.099976,787.75,787.75,3412600
09/11/16,764,777.5,760.090027,771.880005,771.880005,8562900
10/11/16,778.809998,778.830017,717.700012,742.380005,742.380005,12747000
11/11/16,735.72998,743.26001,728.900024,739.01001,739.01001,6622800
14/11/16,745.51001,746,710.099976,719.070007,719.070007,7321300
15/11/16,730,746.780029,725.98999,743.23999,743.23999,6755800
16/11/16,739.880005,749.869995,735.609985,746.48999,746.48999,3648800
17/11/16,749.320007,757.5,748,756.400024,756.400024,3690100
18/11/16,761,767.73999,757.640015,760.159973,760.159973,4373400
21/11/16,766,780.349976,765.109985,780,780,4614600
22/11/16,788.169983,792.400024,781,785.330017,785.330017,5311300
23/11/16,781.72998,781.75,773.119995,780.119995,780.119995,3540300
25/11/16,786.5,786.75,777.900024,780.369995,780.369995,1837100
28/11/16,776.98999,777,764.23999,766.77002,766.77002,4438800
29/11/16,768,769.890015,761.320007,762.52002,762.52002,3272300
30/11/16,762,768.090027,750.25,750.570007,750.570007,4625900
01/12/16,752.409973,753.369995,738.030029,743.650024,743.650024,4666000
02/12/16,743.400024,748.48999,736.700012,740.340027,740.340027,3561300
05/12/16,745,761.48999,742,759.359985,759.359985,4314700
06/12/16,763.98999,768.23999,757.25,764.719971,764.719971,3794700
07/12/16,764.549988,770.419983,755.820007,770.419983,770.419983,3684900
08/12/16,771.869995,773.789978,765.190002,767.330017,767.330017,3189600
09/12/16,770,770.25,765.340027,768.659973,768.659973,2470900
12/12/16,766.400024,766.890015,757.200012,760.119995,760.119995,2963900
13/12/16,764.960022,782.460022,762,774.340027,774.340027,5285300
14/12/16,778.25,780.859985,762.809998,768.820007,768.820007,5454800
15/12/16,766.280029,769.099976,760.309998,761,761,3801900
16/12/16,765,765.130005,754,757.77002,757.77002,4848200
19/12/16,758.890015,770.5,756.159973,766,766,3113200
20/12/16,768.650024,774.390015,767.710022,771.219971,771.219971,2703600
21/12/16,770,771.219971,765.700012,770.599976,770.599976,2044600
22/12/16,768.119995,771.210022,763.02002,766.340027,766.340027,2543600
23/12/16,764.549988,766.5,757.98999,760.590027,760.590027,1981600
27/12/16,763.400024,774.650024,761.200012,771.400024,771.400024,2638700
28/12/16,776.25,780,770.5,772.130005,772.130005,3301000
29/12/16,772.400024,773.400024,760.849976,765.150024,765.150024,3158300
30/12/16,766.469971,767.400024,748.280029,749.869995,749.869995,4139400
03/01/17,757.919983,758.76001,747.700012,753.669983,753.669983,3521100
04/01/17,758.390015,759.679993,754.200012,757.179993,757.179993,2510500
05/01/17,761.549988,782.400024,760.26001,780.450012,780.450012,5830100
06/01/17,782.359985,799.440002,778.47998,795.98999,795.98999,5986200
09/01/17,798,801.77002,791.77002,796.919983,796.919983,3446100
10/01/17,796.599976,798,789.539978,795.900024,795.900024,2558400
11/01/17,793.659973,799.5,789.51001,799.02002,799.02002,2992800
12/01/17,800.309998,814.130005,799.5,813.640015,813.640015,4873900
13/01/17,814.320007,821.650024,811.400024,817.140015,817.140015,3791900
17/01/17,815.700012,816,803.440002,809.719971,809.719971,3670500
18/01/17,809.5,811.72998,804.27002,807.47998,807.47998,2354200
19/01/17,810,813.51001,807.320007,809.039978,809.039978,2540800
20/01/17,815.280029,816.02002,806.26001,808.330017,808.330017,3376200
23/01/17,806.799988,818.5,805.080017,817.880005,817.880005,2797500
24/01/17,822,823.98999,814.5,822.440002,822.440002,2971700
25/01/17,825.789978,837.419983,825.289978,836.52002,836.52002,3922600
26/01/17,835.530029,843.840027,833,839.150024,839.150024,3586300
27/01/17,839,839.700012,829.440002,835.77002,835.77002,2998700
30/01/17,833,833.5,816.380005,830.380005,830.380005,3747300
31/01/17,823.75,826.98999,819.559998,823.47998,823.47998,3137200
01/02/17,829.210022,833.780029,824.940002,832.349976,832.349976,3850200
02/02/17,836.590027,842.48999,828.26001,839.950012,839.950012,7350500
03/02/17,806.719971,818.299988,804,810.200012,810.200012,10868800
06/02/17,809.799988,810.719971,803,807.640015,807.640015,3897300
07/02/17,809.309998,816.159973,807.5,812.5,812.5,3466100
08/02/17,812.690002,821.47998,812.5,819.710022,819.710022,2858000
09/02/17,821.599976,825,819.710022,821.359985,821.359985,2484900
10/02/17,823.820007,828,822.849976,827.460022,827.460022,2429600
13/02/17,831.619995,843,828.549988,836.530029,836.530029,4172600
14/02/17,837,838.309998,831.450012,836.390015,836.390015,2792400
15/02/17,834,842.809998,832.820007,842.700012,842.700012,2968900
16/02/17,841.840027,845,839.380005,844.140015,844.140015,2714700
17/02/17,842,847.27002,840.72998,845.070007,845.070007,3112300
21/02/17,848.840027,857.97998,847.25,856.440002,856.440002,3507700
22/02/17,856.950012,858.429993,852.179993,855.609985,855.609985,2617000
23/02/17,857.570007,860.859985,848,852.190002,852.190002,3462000
24/02/17,844.690002,845.809998,837.75,845.23999,845.23999,3688000
27/02/17,842.380005,852.5,839.669983,848.640015,848.640015,2713600
28/02/17,851.450012,854.090027,842.049988,845.039978,845.039978,2793700
01/03/17,853.049988,854.830017,849.01001,853.080017,853.080017,2760100
02/03/17,853.080017,854.820007,847.280029,848.909973,848.909973,2132100
03/03/17,847.200012,851.98999,846.27002,849.880005,849.880005,1941100
06/03/17,845.22998,848.48999,841.119995,846.609985,846.609985,2610400
07/03/17,845.47998,848.460022,843.75,846.02002,846.02002,2247600
08/03/17,848,853.070007,846.789978,850.5,850.5,2286500
09/03/17,851,856.400024,850.309998,853,853,2048200
10/03/17,857,857.349976,851.719971,852.460022,852.460022,2436400
13/03/17,851.77002,855.690002,851.710022,854.590027,854.590027,1909700
14/03/17,853.549988,853.75,847.549988,852.530029,852.530029,2130600
15/03/17,854.330017,854.450012,847.109985,852.969971,852.969971,2562200
16/03/17,855.299988,855.5,850.51001,853.419983,853.419983,1842300
17/03/17,853.48999,853.830017,850.640015,852.309998,852.309998,3384400
20/03/17,851.51001,857.799988,851.01001,856.969971,856.969971,2282700
21/03/17,858.840027,862.799988,841.309998,843.200012,843.200012,4382900
22/03/17,840.429993,849.369995,839.049988,848.059998,848.059998,2658700
23/03/17,848.200012,850.890015,844.799988,847.380005,847.380005,1953000
24/03/17,851.679993,851.799988,843.530029,845.609985,845.609985,2138300
27/03/17,838.070007,850.299988,833.5,846.820007,846.820007,2755800
28/03/17,851.75,858.460022,850.099976,856,856,3041600
29/03/17,859.049988,876.440002,859.02002,874.320007,874.320007,4485800
30/03/17,874.950012,877.059998,871.659973,876.340027,876.340027,2762700
31/03/17,877,890.349976,876.650024,886.539978,886.539978,3957600
03/04/17,888,893.48999,885.419983,891.51001,891.51001,3422300
04/04/17,891.5,908.539978,890.280029,906.830017,906.830017,4984700
05/04/17,910.820007,923.719971,905.619995,909.280029,909.280029,7508400
06/04/17,913.799988,917.190002,894.48999,898.280029,898.280029,6344100
07/04/17,899.650024,900.090027,889.309998,894.880005,894.880005,3710900
10/04/17,899.630005,908.51001,899,907.039978,907.039978,3184300
11/04/17,907.039978,911.23999,897.5,902.359985,902.359985,3012700
12/04/17,903.090027,904.090027,895.25,896.22998,896.22998,2456100
13/04/17,891.450012,894.969971,884.48999,884.669983,884.669983,3174600
17/04/17,887.5,902.380005,887.5,901.98999,901.98999,2854700
18/04/17,900.98999,909.609985,900.780029,903.780029,903.780029,2999200
19/04/17,907.840027,910.5,897.369995,899.200012,899.200012,2870200
20/04/17,899.700012,905.320007,896.289978,902.059998,902.059998,2814400
21/04/17,902.669983,903.650024,896.77002,898.530029,898.530029,2420500
24/04/17,908.679993,909.98999,903.820007,907.409973,907.409973,3122900
25/04/17,907.039978,909.47998,903,907.619995,907.619995,3380600
26/04/17,910.299988,915.75,907.559998,909.289978,909.289978,2608900
27/04/17,914.390015,921.859985,912.109985,918.380005,918.380005,5305500
28/04/17,948.830017,949.590027,924.330017,924.98999,924.98999,7364700
01/05/17,927.799988,954.400024,927.799988,948.22998,948.22998,5466500
02/05/17,946.650024,950.099976,941.409973,946.940002,946.940002,3848800
03/05/17,946,946,935.900024,941.030029,941.030029,3582700
04/05/17,944.75,945,934.219971,937.530029,937.530029,2418400
05/05/17,940.52002,940.789978,930.299988,934.150024,934.150024,2866400
08/05/17,940.950012,949.049988,939.210022,949.039978,949.039978,3415700
09/05/17,952.799988,957.890015,950.200012,952.820007,952.820007,3262100
10/05/17,953.5,953.75,945,948.950012,948.950012,2096500
11/05/17,945.109985,950.289978,940.780029,947.619995,947.619995,2194100
12/05/17,954.5,962.789978,951.530029,961.349976,961.349976,3625900
15/05/17,958.72998,963.150024,956.059998,957.969971,957.969971,4270600
16/05/17,961,970.059998,960.909973,966.070007,966.070007,3126100
17/05/17,954.700012,960.400024,944.119995,944.76001,944.76001,5145600
18/05/17,944.799988,962.75,944.76001,958.48999,958.48999,3939300
19/05/17,962.840027,968.919983,959.719971,959.840027,959.840027,3972100
22/05/17,964,971.380005,962.900024,970.669983,970.669983,2642200
23/05/17,975.02002,975.200012,966.849976,971.539978,971.539978,2415600
24/05/17,976,981,970.22998,980.349976,980.349976,2446000
25/05/17,984.849976,999,982.109985,993.380005,993.380005,4822000
26/05/17,995,998.650024,989.25,995.780029,995.780029,3469200
30/05/17,996.51001,1001.200012,995.52002,996.700012,996.700012,3263100
31/05/17,1000,1000.119995,982.159973,994.619995,994.619995,3913100
01/06/17,998.590027,998.98999,991.369995,995.950012,995.950012,2454800
02/06/17,998.98999,1008.47998,995.669983,1006.72998,1006.72998,3752300
05/06/17,1007.22998,1013.210022,1003.51001,1011.340027,1011.340027,2719900
06/06/17,1012,1016.5,1001.25,1003,1003,3346400
07/06/17,1005.950012,1010.25,1002,1010.070007,1010.070007,2823000
08/06/17,1012.059998,1013.609985,1006.109985,1010.27002,1010.27002,2767900
09/06/17,1012.5,1012.98999,927,978.309998,978.309998,7647700
12/06/17,967,975.950012,945,964.909973,964.909973,9447200
13/06/17,977.98999,984.5,966.099976,980.789978,980.789978,4580000
14/06/17,988.590027,990.340027,966.710022,976.469971,976.469971,3974900
15/06/17,958.700012,965.72998,950.859985,964.169983,964.169983,5373900
16/06/17,996,999.75,982,987.710022,987.710022,11472700
19/06/17,1017,1017,989.900024,995.169983,995.169983,5043400
20/06/17,998,1004.880005,992.02002,992.590027,992.590027,4076800
21/06/17,998.700012,1002.719971,992.650024,1002.22998,1002.22998,2922500
22/06/17,1002.22998,1006.960022,997.200012,1001.299988,1001.299988,2253400
23/06/17,1002.539978,1004.619995,998.02002,1003.73999,1003.73999,2879100
26/06/17,1008.5,1009.799988,992,993.97998,993.97998,3386200
27/06/17,990.690002,998.799988,976,976.780029,976.780029,3782400
28/06/17,978.549988,990.679993,969.210022,990.330017,990.330017,3737600
29/06/17,979,987.559998,965.25,975.929993,975.929993,4303000
30/06/17,980.119995,983.469971,967.609985,968,968,3390300
03/07/17,972.789978,974.48999,951,953.659973,953.659973,2909100
05/07/17,961.530029,975,955.25,971.400024,971.400024,3653000
06/07/17,964.659973,974.400024,959.02002,965.140015,965.140015,3259600
07/07/17,969.549988,980.109985,969.140015,978.76001,978.76001,2643400
10/07/17,985,999.440002,983.5,996.469971,996.469971,3546300
11/07/17,993,995.98999,983.719971,994.130005,994.130005,2982700
12/07/17,1000.650024,1008.549988,998.099976,1006.51001,1006.51001,3608600
13/07/17,1004.619995,1006.880005,995.900024,1000.630005,1000.630005,2880800
14/07/17,1002.400024,1004.450012,996.890015,1001.809998,1001.809998,2102500
17/07/17,1004.690002,1014.75,1003.809998,1010.039978,1010.039978,3712600
18/07/17,1006,1026.030029,1004,1024.449951,1024.449951,4007600
19/07/17,1025,1031.589966,1022.5,1026.869995,1026.869995,2964000
20/07/17,1031.589966,1034.969971,1022.52002,1028.699951,1028.699951,3097500
21/07/17,1021.280029,1026.099976,1011,1025.670044,1025.670044,2734600
24/07/17,1028.339966,1043.01001,1027.430054,1038.949951,1038.949951,3288000
25/07/17,1038.050049,1043.329956,1032.47998,1039.869995,1039.869995,2447600
26/07/17,1043.199951,1053.199951,1043.199951,1052.800049,1052.800049,2921300
27/07/17,1069.550049,1083.310059,1040.180054,1046,1046,10991700
28/07/17,1012.140015,1032.849976,1001,1020.039978,1020.039978,7709400
31/07/17,1019.049988,1019.049988,987.02002,987.780029,987.780029,7352100
01/08/17,996.109985,1006.400024,991.580017,996.190002,996.190002,4572600
02/08/17,1001.77002,1003.210022,981.72998,995.890015,995.890015,4070000
03/08/17,999.469971,999.5,984.590027,986.919983,986.919983,3255800
04/08/17,989.679993,991.669983,982,987.580017,987.580017,2730300
07/08/17,990.650024,995,987.140015,992.27002,992.27002,2676600
08/08/17,994.349976,996.280029,985.789978,989.840027,989.840027,2902800
09/08/17,982.599976,988,975.27002,982.01001,982.01001,3569700
10/08/17,976.299988,979.859985,954.679993,956.919983,956.919983,5684100
11/08/17,960,970.390015,951.380005,967.98999,967.98999,3468000
14/08/17,978.409973,985.5,976.190002,983.299988,983.299988,3172900
15/08/17,988.900024,991.73999,982,982.73999,982.73999,2549300
16/08/17,981.650024,986.460022,973.219971,978.179993,978.179993,3132100
17/08/17,977.840027,977.840027,960.320007,960.570007,960.570007,3512400
18/08/17,961.400024,965.429993,954.650024,958.469971,958.469971,3284800
21/08/17,957.570007,961.200012,945.460022,953.289978,953.289978,3164500
22/08/17,955.52002,967.929993,955.5,966.900024,966.900024,2750000
23/08/17,959.380005,962,954.200012,958,958,2668300
24/08/17,957.419983,959,941.140015,952.450012,952.450012,5195700
25/08/17,956,957.619995,944.099976,945.26001,945.26001,3324800
28/08/17,946.539978,953,942.25,946.02002,946.02002,2596700
29/08/17,940,956,936.330017,954.059998,954.059998,2874300
30/08/17,958.440002,969.409973,956.909973,967.590027,967.590027,2904600
31/08/17,974.700012,981,972.76001,980.599976,980.599976,3331500
01/09/17,984.200012,984.5,976.880005,978.25,978.25,2535900
05/09/17,975.400024,976.77002,960.369995,965.27002,965.27002,2883200
06/09/17,968.320007,971.840027,960.599976,967.799988,967.799988,2129900
07/09/17,974,980.590027,972.549988,979.469971,979.469971,2566800
08/09/17,979.099976,979.880005,963.469971,965.900024,965.900024,2605300
11/09/17,974.460022,981.940002,974.219971,977.960022,977.960022,2186700
12/09/17,983.27002,984.669983,975.52002,982.580017,982.580017,2481100
13/09/17,983.969971,1000,979.419983,999.599976,999.599976,3374700
14/09/17,996.799988,998.559998,987.73999,992.210022,992.210022,3913300
15/09/17,993.01001,996.25,984.030029,986.789978,986.789978,3760200
18/09/17,990.400024,992.789978,968.169983,974.190002,974.190002,3411300
19/09/17,977.25,978.23999,967.460022,969.859985,969.859985,2671100
20/09/17,971.789978,974.809998,962.159973,973.210022,973.210022,2888800
21/09/17,971.309998,971.700012,962.02002,964.650024,964.650024,2337600
22/09/17,961.01001,965.609985,954.419983,955.099976,955.099976,2641800
25/09/17,949.309998,949.419983,932.890015,939.789978,939.789978,5124000
26/09/17,945.48999,948.630005,931.75,938.599976,938.599976,3564800
27/09/17,948,955.299988,943.299988,950.869995,950.869995,3148900
28/09/17,951.859985,959.700012,950.099976,956.400024,956.400024,2522600
29/09/17,960.109985,964.830017,958.380005,961.349976,961.349976,2543800
02/10/17,964,967.309998,952.119995,959.190002,959.190002,2442900
03/10/17,958,963.690002,950.369995,957.099976,957.099976,2666600
04/10/17,954.210022,967.789978,954.049988,965.450012,965.450012,2527400
05/10/17,970,981.51001,969.640015,980.849976,980.849976,3229200
06/10/17,975.640015,995.75,975.640015,989.580017,989.580017,3782100
09/10/17,993.23999,998.5,987.5,990.98999,990.98999,2938600
10/10/17,996.669983,997.950012,980.099976,987.200012,987.200012,3084900
11/10/17,991.27002,995.5,986.700012,995,995,2337100
12/10/17,996.809998,1008.440002,992.400024,1000.929993,1000.929993,4067300
13/10/17,1007,1007.77002,1001.030029,1002.940002,1002.940002,2431500
16/10/17,1008.440002,1009.570007,1001.039978,1006.340027,1006.340027,2008900
17/10/17,1005.590027,1011.469971,1004.380005,1009.130005,1009.130005,2319700
18/10/17,1009.27002,1022.309998,996.549988,997,997,2499700
19/10/17,990,991.049988,980.23999,986.609985,986.609985,3108200
20/10/17,993.530029,994.619995,982,982.909973,982.909973,2365100
23/10/17,986.72998,986.780029,962.5,966.299988,966.299988,3494100
24/10/17,969,979.849976,965,975.900024,975.900024,2723900
25/10/17,978,984.440002,966.23999,972.909973,972.909973,3033100
26/10/17,980.330017,982.900024,968.549988,972.429993,972.429993,5618700
27/10/17,1058.140015,1105.579956,1050.550049,1100.949951,1100.949951,16565000
30/10/17,1095.01001,1122.790039,1093.560059,1110.849976,1110.849976,6613100
31/10/17,1109,1110.540039,1101.119995,1105.280029,1105.280029,3477000
01/11/17,1105.400024,1108.969971,1096.73999,1103.680054,1103.680054,3755500
02/11/17,1097.810059,1101.939941,1086.869995,1094.219971,1094.219971,3684900
03/11/17,1091.150024,1112.680054,1088.52002,1111.599976,1111.599976,3751500
06/11/17,1109.150024,1125.410034,1108.77002,1120.660034,1120.660034,3381100
07/11/17,1124.73999,1130.599976,1117.5,1123.170044,1123.170044,2689000
08/11/17,1122.819946,1135.540039,1119.109985,1132.880005,1132.880005,2581500
09/11/17,1125.959961,1129.619995,1115.77002,1129.130005,1129.130005,3732700
10/11/17,1126.099976,1131.75,1124.060059,1125.349976,1125.349976,2179900
13/11/17,1123,1139.900024,1122.339966,1129.170044,1129.170044,2918400
14/11/17,1130.109985,1138,1123.890015,1136.839966,1136.839966,3138400
15/11/17,1127.01001,1131.75,1121.630005,1126.689941,1126.689941,3928700
16/11/17,1130.160034,1138.160034,1130.050049,1137.290039,1137.290039,2213300
17/11/17,1138.280029,1138.800049,1125.810059,1129.880005,1129.880005,2413400
20/11/17,1129.77002,1133.420044,1122.550049,1126.310059,1126.310059,2163900
21/11/17,1132.859985,1140,1128.199951,1139.48999,1139.48999,2479400
22/11/17,1141,1160.27002,1141,1156.160034,1156.160034,3555300
24/11/17,1160.699951,1186.839966,1160.699951,1186,1186,3528000
27/11/17,1202.660034,1213.410034,1191.150024,1195.829956,1195.829956,6744000
28/11/17,1204.880005,1205.339966,1188.52002,1193.599976,1193.599976,4559400
29/11/17,1194.800049,1194.800049,1145.189941,1161.27002,1161.27002,9257500
30/11/17,1167.099976,1178.569946,1160,1176.75,1176.75,4509200
01/12/17,1172.050049,1179.650024,1152,1162.349976,1162.349976,4107100
04/12/17,1173.849976,1175.199951,1128,1133.949951,1133.949951,5931900
05/12/17,1128.26001,1159.27002,1124.73999,1141.569946,1141.569946,4079800
06/12/17,1137.98999,1155.890015,1136.079956,1152.349976,1152.349976,2853300
07/12/17,1156.589966,1163.189941,1151,1159.790039,1159.790039,2511600
08/12/17,1170.400024,1172.790039,1157.099976,1162,1162,3050100
11/12/17,1164.599976,1169.900024,1157,1168.920044,1168.920044,2363500
12/12/17,1166.51001,1173.599976,1161.609985,1165.079956,1165.079956,2235900
13/12/17,1170,1170.869995,1160.27002,1164.130005,1164.130005,2616800
14/12/17,1163.709961,1177.930054,1162.449951,1174.26001,1174.26001,3214300
15/12/17,1179.030029,1182.75,1169.329956,1179.140015,1179.140015,4778600
18/12/17,1187.369995,1194.780029,1180.910034,1190.579956,1190.579956,2947600
19/12/17,1189.150024,1192.969971,1179.140015,1187.380005,1187.380005,2587800
20/12/17,1190.5,1191,1176,1177.619995,1177.619995,2371200
21/12/17,1175.900024,1179.170044,1167.640015,1174.76001,1174.76001,2123100
22/12/17,1172.079956,1174.619995,1167.829956,1168.359985,1168.359985,1585100
26/12/17,1168.359985,1178.319946,1160.550049,1176.76001,1176.76001,2005200
27/12/17,1179.910034,1187.290039,1175.609985,1182.26001,1182.26001,1867200
28/12/17,1189,1190.099976,1184.380005,1186.099976,1186.099976,1841700
29/12/17,1182.349976,1184,1167.5,1169.469971,1169.469971,2688400
02/01/18,1172,1190,1170.51001,1189.01001,1189.01001,2694500
03/01/18,1188.300049,1205.48999,1188.300049,1204.199951,1204.199951,3108800
04/01/18,1205,1215.869995,1204.660034,1209.589966,1209.589966,3022100
05/01/18,1217.51001,1229.140015,1210,1229.140015,1229.140015,3544700
08/01/18,1236,1253.079956,1232.030029,1246.869995,1246.869995,4279500
09/01/18,1256.900024,1259.329956,1241.76001,1252.699951,1252.699951,3661300
10/01/18,1245.150024,1254.329956,1237.22998,1254.329956,1254.329956,2686000
11/01/18,1259.73999,1276.77002,1256.459961,1276.680054,1276.680054,3125000
12/01/18,1273.390015,1305.76001,1273.390015,1305.199951,1305.199951,5443700
16/01/18,1323,1339.939941,1292.300049,1304.859985,1304.859985,7220700
17/01/18,1312.23999,1314,1280.880005,1295,1295,5253800
18/01/18,1293.949951,1304.599976,1284.02002,1293.319946,1293.319946,4026900
19/01/18,1312,1313,1292.98999,1294.579956,1294.579956,4578500
22/01/18,1297.170044,1327.449951,1296.660034,1327.310059,1327.310059,4140100
23/01/18,1338.089966,1364.900024,1337.339966,1362.540039,1362.540039,5169300
24/01/18,1374.819946,1388.160034,1338,1357.51001,1357.51001,6807500
25/01/18,1368,1378.339966,1357.619995,1377.949951,1377.949951,4753000
26/01/18,1392.01001,1402.530029,1380.910034,1402.050049,1402.050049,4857300
29/01/18,1409.180054,1431.390015,1400.439941,1417.680054,1417.680054,5701900
30/01/18,1403.170044,1439.25,1392,1437.819946,1437.819946,5871900
31/01/18,1451.300049,1472.579956,1450.040039,1450.890015,1450.890015,6424700
01/02/18,1445,1459.880005,1385.140015,1390,1390,9113800
02/02/18,1477.390015,1498,1414,1429.949951,1429.949951,11125700
05/02/18,1402.619995,1458.97998,1320.719971,1390,1390,11495000
06/02/18,1361.459961,1443.98999,1351.790039,1442.839966,1442.839966,11066800
07/02/18,1449,1460.98999,1415.150024,1416.780029,1416.780029,7162700
08/02/18,1429.680054,1433.75,1349.939941,1350.5,1350.5,8578600
09/02/18,1373.48999,1383.5,1265.930054,1339.599976,1339.599976,14141500
12/02/18,1364.670044,1393.810059,1344.01001,1386.22998,1386.22998,6738900
13/02/18,1385.930054,1419.719971,1383.530029,1414.51001,1414.51001,5917900
14/02/18,1406.25,1452.060059,1403.359985,1451.050049,1451.050049,5959200
15/02/18,1466.890015,1468.939941,1436.839966,1461.76001,1461.76001,5652700
16/02/18,1457.369995,1465.800049,1446.560059,1448.689941,1448.689941,4472600
20/02/18,1446.48999,1488.77002,1446.48999,1468.349976,1468.349976,6499200
21/02/18,1485,1503.48999,1478.920044,1482.920044,1482.920044,6304400
22/02/18,1495.359985,1502.540039,1475.76001,1485.339966,1485.339966,4858100
23/02/18,1495.339966,1500,1486.5,1500,1500,4418100
26/02/18,1509.199951,1522.839966,1507,1521.949951,1521.949951,4955000
27/02/18,1524.5,1526.780029,1507.209961,1511.97998,1511.97998,4808800
28/02/18,1519.51001,1528.699951,1512,1512.449951,1512.449951,4515000
01/03/18,1513.599976,1518.48999,1465,1493.449951,1493.449951,6835200
02/03/18,1469.099976,1501.050049,1455.01001,1500.25,1500.25,6587600
05/03/18,1494.23999,1525.380005,1481,1523.609985,1523.609985,5233900
06/03/18,1533.199951,1542.130005,1528,1537.640015,1537.640015,4561700
07/03/18,1526.52002,1545.900024,1522.51001,1545,1545,4174100
08/03/18,1550,1554.880005,1545.25,1551.859985,1551.859985,3862600
09/03/18,1563.5,1578.939941,1559.079956,1578.890015,1578.890015,4534300
12/03/18,1592.599976,1605.329956,1586.699951,1598.390015,1598.390015,5174200
13/03/18,1615.959961,1617.540039,1578.01001,1588.180054,1588.180054,6531900
14/03/18,1597,1606.439941,1590.890015,1591,1591,4259400
15/03/18,1595,1596.910034,1578.109985,1582.319946,1582.319946,4069700
16/03/18,1583.449951,1589.439941,1567.5,1571.680054,1571.680054,5425000
19/03/18,1554.530029,1561.660034,1525.349976,1544.930054,1544.930054,6580800
20/03/18,1550.339966,1587,1545.410034,1586.51001,1586.51001,4581600
21/03/18,1586.449951,1590,1563.170044,1581.859985,1581.859985,4750800
22/03/18,1565.469971,1573.849976,1542.400024,1544.920044,1544.920044,6320600
23/03/18,1539.01001,1549.02002,1495.359985,1495.560059,1495.560059,8006000
26/03/18,1530,1556.98999,1499.25,1555.859985,1555.859985,5624700
27/03/18,1572.400024,1575.969971,1482.319946,1497.050049,1497.050049,6999600
28/03/18,1447,1455.900024,1386.170044,1431.420044,1431.420044,13705300
29/03/18,1406,1455.469971,1365.199951,1447.339966,1447.339966,12581100
02/04/18,1417.619995,1421.359985,1355,1371.98999,1371.98999,10463600
03/04/18,1391.380005,1414,1355.329956,1392.050049,1392.050049,10231200
04/04/18,1358.23999,1415.390015,1352.880005,1410.569946,1410.569946,6982300
05/04/18,1441.98999,1459.560059,1427.069946,1451.75,1451.75,6413500
06/04/18,1429.969971,1452.5,1400.26001,1405.22998,1405.22998,5882300
09/04/18,1425.030029,1438.47998,1402.569946,1406.079956,1406.079956,4208200
10/04/18,1431.98999,1438.380005,1415.699951,1436.219971,1436.219971,4254100
11/04/18,1439.439941,1448.780029,1424.890015,1427.050049,1427.050049,3582500
12/04/18,1439.5,1452.119995,1435.060059,1448.5,1448.5,3135000
13/04/18,1449.140015,1459.780029,1424.52002,1430.790039,1430.790039,3685300
16/04/18,1445,1447,1427.47998,1441.5,1441.5,2808600
17/04/18,1462.300049,1507.189941,1457.02002,1503.829956,1503.829956,5114400
18/04/18,1514.650024,1533.800049,1504.109985,1527.839966,1527.839966,5227500
19/04/18,1543.219971,1568.52002,1539.060059,1556.910034,1556.910034,6523700
20/04/18,1561.199951,1561.199951,1516.089966,1527.48999,1527.48999,5541600
23/04/18,1546.689941,1548,1503.410034,1517.859985,1517.859985,4465400
24/04/18,1535.800049,1539.5,1448.449951,1460.089966,1460.089966,7494700
25/04/18,1458,1469.98999,1415.02002,1460.170044,1460.170044,6587300
26/04/18,1485.01001,1529.420044,1478.5,1517.959961,1517.959961,8801100
27/04/18,1634.01001,1638.099976,1567.390015,1572.619995,1572.619995,13053200
30/04/18,1582.5,1596,1560.939941,1566.130005,1566.130005,5464100
01/05/18,1563.219971,1585,1552.180054,1582.26001,1582.26001,4572100
02/05/18,1580.97998,1588.5,1566.359985,1569.680054,1569.680054,4360300
03/05/18,1560.01001,1574.800049,1546.02002,1572.079956,1572.079956,4251900
04/05/18,1562.449951,1584.900024,1562.189941,1580.949951,1580.949951,3443600
07/05/18,1589.339966,1606.949951,1587.829956,1600.140015,1600.140015,3801900
08/05/18,1595,1596.880005,1582.51001,1592.390015,1592.390015,3067900
09/05/18,1600,1608,1592,1608,1608,3637300
10/05/18,1608.47998,1615.599976,1603.439941,1609.079956,1609.079956,2817500
11/05/18,1610.98999,1611.099976,1597.890015,1602.910034,1602.910034,2263900
14/05/18,1604,1611.180054,1600.050049,1601.540039,1601.540039,2509500
15/05/18,1587.800049,1587.800049,1565.219971,1576.119995,1576.119995,5077500
16/05/18,1577.5,1594.430054,1576.670044,1587.280029,1587.280029,2570600
17/05/18,1580.560059,1594.040039,1573,1581.76001,1581.76001,2147600
18/05/18,1581.329956,1583.589966,1572.099976,1574.369995,1574.369995,2642600
21/05/18,1585,1592.050049,1575,1585.459961,1585.459961,2925200
22/05/18,1589.890015,1589.890015,1575.25,1581.400024,1581.400024,2115600
23/05/18,1571.050049,1601.859985,1566.339966,1601.859985,1601.859985,3361900
24/05/18,1598.030029,1608.23999,1588.380005,1603.069946,1603.069946,3430000
25/05/18,1603,1614.119995,1600.449951,1610.150024,1610.150024,2698400
29/05/18,1600.709961,1621.790039,1600.150024,1612.869995,1612.869995,3846500
30/05/18,1618.099976,1626,1612.930054,1624.890015,1624.890015,2907400
31/05/18,1623,1635,1621.349976,1629.619995,1629.619995,3166300
01/06/18,1637.030029,1646.72998,1635.089966,1641.540039,1641.540039,3313400
04/06/18,1648.900024,1665.680054,1645.48999,1665.27002,1665.27002,3187700
05/06/18,1672.98999,1699,1670.060059,1696.349976,1696.349976,4782200
06/06/18,1704.51001,1714.5,1686.469971,1695.75,1695.75,5473200
07/06/18,1698.560059,1699.900024,1676.109985,1689.300049,1689.300049,3765700
08/06/18,1681.119995,1689.439941,1673.01001,1683.98999,1683.98999,2955100
11/06/18,1681.51001,1694.23999,1680.589966,1689.119995,1689.119995,2335500
12/06/18,1693,1699.51001,1691.52002,1698.75,1698.75,2259200
13/06/18,1702.810059,1713.75,1700.119995,1704.859985,1704.859985,3327500
14/06/18,1713.47998,1724.800049,1708.869995,1723.859985,1723.859985,3174400
15/06/18,1714,1720.869995,1708.52002,1715.969971,1715.969971,4777600
18/06/18,1706.26001,1726.73999,1702.560059,1723.790039,1723.790039,3107700
19/06/18,1709.040039,1736.109985,1700.390015,1734.780029,1734.780029,4290100
20/06/18,1742.5,1762.930054,1741.359985,1750.079956,1750.079956,4332600
21/06/18,1760,1763.099976,1717.560059,1730.219971,1730.219971,4941100
22/06/18,1742.619995,1743,1711.900024,1715.670044,1715.670044,4075100
25/06/18,1702.51001,1705,1646.310059,1663.150024,1663.150024,7511200
26/06/18,1672.369995,1701.569946,1663.339966,1691.089966,1691.089966,4386600
27/06/18,1708.109985,1711.949951,1660,1660.51001,1660.51001,4872200
28/06/18,1672.540039,1705.5,1661.170044,1701.449951,1701.449951,4529700
29/06/18,1717,1723.410034,1694.319946,1699.800049,1699.800049,4543500
02/07/18,1682.699951,1713.890015,1678.060059,1713.780029,1713.780029,3185700
03/07/18,1723.959961,1725,1692.47998,1693.959961,1693.959961,2177300
05/07/18,1705.380005,1710.689941,1682.150024,1699.72998,1699.72998,2983100
06/07/18,1696,1715.27002,1691.670044,1710.630005,1710.630005,2650300
09/07/18,1724.050049,1739.560059,1716.22998,1739.02002,1739.02002,3012000
10/07/18,1738.530029,1750,1731,1743.069946,1743.069946,3002900
11/07/18,1737.98999,1756.959961,1734,1755,1755,3209800
12/07/18,1764.51001,1798,1762.180054,1796.619995,1796.619995,4532700
13/07/18,1803.930054,1815.300049,1795.22998,1813.030029,1813.030029,4383200
16/07/18,1821.949951,1841.949951,1814.449951,1822.48999,1822.48999,5466200
17/07/18,1811.560059,1851.689941,1797.380005,1843.930054,1843.930054,5682900
18/07/18,1848,1858.880005,1831.27002,1842.920044,1842.920044,4861900
19/07/18,1829.459961,1841,1811.27002,1812.969971,1812.969971,4676900
20/07/18,1825.01001,1834.839966,1810.060059,1813.699951,1813.699951,3884400
23/07/18,1812.209961,1819,1769.98999,1802,1802,3888500
24/07/18,1829.01001,1840,1809.380005,1829.23999,1829.23999,4278700
25/07/18,1829.300049,1863.839966,1822.640015,1863.609985,1863.609985,3738200
26/07/18,1839,1844.680054,1804.5,1808,1808,9924400
27/07/18,1876.050049,1880.050049,1806.530029,1817.27002,1817.27002,9681000
30/07/18,1827.329956,1829.5,1766.02002,1779.219971,1779.219971,6562300
31/07/18,1786.48999,1801.829956,1739.319946,1777.439941,1777.439941,5738700
01/08/18,1784,1798.439941,1776.02002,1797.170044,1797.170044,4153100
02/08/18,1788.77002,1836.560059,1786,1834.329956,1834.329956,4354700
03/08/18,1837.73999,1841,1821.5,1823.290039,1823.290039,3460500
06/08/18,1825.810059,1847.77002,1818.920044,1847.75,1847.75,3391800
07/08/18,1854.530029,1869.719971,1846.27002,1862.47998,1862.47998,3377500
08/08/18,1861,1891.51001,1854.5,1886.52002,1886.52002,3963000
09/08/18,1882,1914.569946,1877.47998,1898.52002,1898.52002,4860400
10/08/18,1888.51001,1899.5,1878.209961,1886.300049,1886.300049,3639900
13/08/18,1898.5,1925,1893.670044,1896.199951,1896.199951,5531500
14/08/18,1919.390015,1921.01001,1900,1919.650024,1919.650024,3986100
15/08/18,1909.550049,1916.209961,1869.790039,1882.619995,1882.619995,7700700
16/08/18,1903.939941,1905,1883.550049,1886.52002,1886.52002,3957100
17/08/18,1885.800049,1888,1855.550049,1882.219971,1882.219971,4104300
20/08/18,1890.569946,1891.75,1866.060059,1876.709961,1876.709961,2862000
21/08/18,1880,1897.75,1874.410034,1883.420044,1883.420044,3105600
22/08/18,1876.640015,1905.800049,1876.640015,1904.900024,1904.900024,3080500
23/08/18,1907.170044,1919.5,1900.76001,1902.900024,1902.900024,3563000
24/08/18,1910.51001,1916.01001,1902.540039,1905.390015,1905.390015,2800900
27/08/18,1915,1927.699951,1909.280029,1927.680054,1927.680054,3569000
28/08/18,1937.72998,1941.780029,1928.819946,1932.819946,1932.819946,3100700
29/08/18,1953.449951,1998.689941,1948.939941,1998.099976,1998.099976,6531800
30/08/18,1997.420044,2025.569946,1986.900024,2002.380005,2002.380005,7277300
31/08/18,2007,2022.380005,2004.73999,2012.709961,2012.709961,4204400
04/09/18,2026.5,2050.5,2013,2039.51001,2039.51001,5721100
05/09/18,2038.109985,2040.380005,1989.890015,1994.819946,1994.819946,8220600
06/09/18,2006.51001,2007.5,1935.209961,1958.310059,1958.310059,7488700
07/09/18,1938.709961,1975.199951,1937.349976,1952.069946,1952.069946,4892600
10/09/18,1971,1973.040039,1931.52002,1939.01001,1939.01001,4544800
11/09/18,1928.27002,1988.880005,1917,1987.150024,1987.150024,5033600
12/09/18,1994,2000,1962.439941,1990,1990,4414000
13/09/18,2000,2008.76001,1982.030029,1989.869995,1989.869995,3621500
14/09/18,1992.930054,1993.650024,1959.219971,1970.189941,1970.189941,3642000
17/09/18,1954.72998,1956.819946,1887.410034,1908.030029,1908.030029,7050200
18/09/18,1918.650024,1958.199951,1915.439941,1941.050049,1941.050049,4268700
19/09/18,1940.5,1940.829956,1904.900024,1926.420044,1926.420044,4056800
20/09/18,1938.579956,1955,1932.25,1944.300049,1944.300049,3154900
21/09/18,1954.219971,1957.310059,1910.5,1915.01001,1915.01001,6855900
24/09/18,1903.790039,1936.880005,1865,1934.359985,1934.359985,4213700
25/09/18,1942.900024,1975.910034,1938.849976,1974.550049,1974.550049,4538400
26/09/18,1968.5,1995.25,1961.52002,1974.849976,1974.849976,4313500
27/09/18,1993.23999,2016.160034,1988.579956,2012.97998,2012.97998,4329400
28/09/18,2004.410034,2026.52002,1996.459961,2003,2003,4085100
01/10/18,2021.98999,2033.189941,2003.599976,2004.359985,2004.359985,3460500
02/10/18,1999.98999,2013.390015,1965.77002,1971.310059,1971.310059,5400700
03/10/18,1981.699951,1989.699951,1949.810059,1952.76001,1952.76001,5253100
04/10/18,1949,1956,1896.569946,1909.420044,1909.420044,7257000
05/10/18,1917.98999,1929.079956,1862.829956,1889.650024,1889.650024,6822300
08/10/18,1874,1902,1830.660034,1864.420044,1864.420044,7393200
09/10/18,1859.98999,1896.680054,1852.319946,1870.319946,1870.319946,4772900
10/10/18,1857.890015,1858.560059,1754.410034,1755.25,1755.25,10988900
11/10/18,1724,1755.400024,1685.099976,1719.359985,1719.359985,13935900
12/10/18,1808,1808.949951,1742.530029,1788.609985,1788.609985,9444600
15/10/18,1795,1795.050049,1734.22998,1760.949951,1760.949951,6437200
16/10/18,1783.5,1823.880005,1761.550049,1819.959961,1819.959961,5859900
17/10/18,1842.790039,1845,1807,1831.72998,1831.72998,5295200
18/10/18,1821.48999,1830.150024,1767.869995,1770.719971,1770.719971,5874000
19/10/18,1785.160034,1809.099976,1753,1764.030029,1764.030029,5907200
22/10/18,1784,1809.5,1756,1789.300049,1789.300049,4500000
23/10/18,1742.23999,1776.339966,1714,1768.699951,1768.699951,6723900
24/10/18,1773.699951,1777.709961,1656.560059,1664.199951,1664.199951,6928400
25/10/18,1703.339966,1794.810059,1692.01001,1782.170044,1782.170044,10285700
26/10/18,1649.589966,1698.459961,1603,1642.810059,1642.810059,14963800
29/10/18,1660,1665.73999,1495,1538.880005,1538.880005,13866100
30/10/18,1486.160034,1540.98999,1476.359985,1530.420044,1530.420044,12460100
31/10/18,1569.98999,1623.910034,1565.089966,1598.01001,1598.01001,9390200
01/11/18,1623.530029,1670.449951,1598.439941,1665.530029,1665.530029,8135500
02/11/18,1678.589966,1697.439941,1651.829956,1665.530029,1665.530029,6955500
05/11/18,1657.569946,1658.089966,1596.359985,1627.800049,1627.800049,5624700
06/11/18,1618.349976,1665,1614.550049,1642.810059,1642.810059,4257400
07/11/18,1673,1759.22998,1664.079956,1755.48999,1755.48999,8192200
08/11/18,1755,1784,1725.109985,1754.910034,1754.910034,6534900
09/11/18,1732.5,1743.920044,1701.869995,1712.430054,1712.430054,5902200
12/11/18,1698.23999,1708.550049,1630.01001,1636.849976,1636.849976,6806200
13/11/18,1649.290039,1677.060059,1613.75,1631.170044,1631.170044,5933300
14/11/18,1656.319946,1673,1597.069946,1599.01001,1599.01001,6486900
15/11/18,1581.01001,1624.819946,1546.51001,1619.439941,1619.439941,8427300
16/11/18,1587.5,1614.47998,1573.119995,1593.410034,1593.410034,6066100
19/11/18,1577.01001,1581.189941,1503.359985,1512.290039,1512.290039,7790000
20/11/18,1437.5,1534.75,1420,1495.459961,1495.459961,10878800
21/11/18,1542.98999,1550,1515,1516.72998,1516.72998,5716800
23/11/18,1517,1536.199951,1501.810059,1502.060059,1502.060059,2707600
26/11/18,1539,1584.810059,1524.219971,1581.329956,1581.329956,6257700
27/11/18,1575.98999,1597.650024,1558.01001,1581.420044,1581.420044,5783200
28/11/18,1613.920044,1681.449951,1601.219971,1677.75,1677.75,8458700
29/11/18,1674.98999,1689.98999,1652.329956,1673.569946,1673.569946,6613200
30/11/18,1679.5,1696,1666.5,1690.170044,1690.170044,5761800
03/12/18,1769.459961,1778.339966,1730,1772.359985,1772.359985,6862300
04/12/18,1756,1770.339966,1665,1668.400024,1668.400024,8694500
06/12/18,1614.869995,1701.050049,1609.849976,1699.189941,1699.189941,8789400
07/12/18,1705.069946,1718.930054,1625.459961,1629.130005,1629.130005,7576100
10/12/18,1623.839966,1657.98999,1590.869995,1641.030029,1641.030029,7494800
11/12/18,1678,1679.469971,1619.599976,1643.23999,1643.23999,6244700
12/12/18,1669,1704.98999,1660.27002,1663.540039,1663.540039,6598000
13/12/18,1680,1692.119995,1641.5,1658.380005,1658.380005,5271300
14/12/18,1638,1642.569946,1585,1591.910034,1591.910034,6367200
17/12/18,1566,1576.130005,1505.01001,1520.910034,1520.910034,8829800
18/12/18,1540,1567.550049,1523.01001,1551.47998,1551.47998,6523000
19/12/18,1543.050049,1584.530029,1483.180054,1495.079956,1495.079956,8792200
20/12/18,1484,1509.5,1432.689941,1460.829956,1460.829956,9991800
21/12/18,1464.98999,1480,1363.959961,1377.449951,1377.449951,13640300
24/12/18,1346,1396.030029,1307,1343.959961,1343.959961,7220000
26/12/18,1368.890015,1473.160034,1363.01001,1470.900024,1470.900024,10411800
27/12/18,1454.199951,1469,1390.310059,1461.640015,1461.640015,9722000
28/12/18,1473.349976,1513.469971,1449,1478.02002,1478.02002,8829000
31/12/18,1510.800049,1520.76001,1487,1501.969971,1501.969971,6954500
02/01/19,1465.199951,1553.359985,1460.930054,1539.130005,1539.130005,7983100
03/01/19,1520.01001,1538,1497.109985,1500.280029,1500.280029,6975600
04/01/19,1530,1594,1518.310059,1575.390015,1575.390015,9182600
07/01/19,1602.310059,1634.560059,1589.189941,1629.51001,1629.51001,7993200
08/01/19,1664.689941,1676.609985,1616.609985,1656.579956,1656.579956,8881400
09/01/19,1652.97998,1667.800049,1641.400024,1659.420044,1659.420044,6348800
10/01/19,1641.01001,1663.25,1621.619995,1656.219971,1656.219971,6507700
11/01/19,1640.550049,1660.290039,1636.219971,1640.560059,1640.560059,4686200
14/01/19,1615,1648.199951,1595.150024,1617.209961,1617.209961,6005900
15/01/19,1632,1675.160034,1626.01001,1674.560059,1674.560059,5998500
16/01/19,1684.219971,1705,1675.880005,1683.780029,1683.780029,6366900
17/01/19,1680,1700.170044,1677.5,1693.219971,1693.219971,4208900
18/01/19,1712,1716.199951,1691.540039,1696.199951,1696.199951,6020500
22/01/19,1681,1681.869995,1610.199951,1632.170044,1632.170044,6416800
23/01/19,1656,1657.430054,1612,1640.02002,1640.02002,5225200
24/01/19,1641.069946,1657.26001,1631.780029,1654.930054,1654.930054,4089900
25/01/19,1670.5,1683.47998,1661.609985,1670.569946,1670.569946,4945900
28/01/19,1643.589966,1645,1614.089966,1637.890015,1637.890015,4837700
29/01/19,1631.27002,1632.380005,1590.719971,1593.880005,1593.880005,4632800
30/01/19,1623,1676.949951,1619.680054,1670.430054,1670.430054,5783800
31/01/19,1692.849976,1736.410034,1679.079956,1718.72998,1718.72998,10910300
01/02/19,1638.880005,1673.060059,1622.01001,1626.22998,1626.22998,11506200
04/02/19,1623,1649.630005,1613.5,1633.310059,1633.310059,4929100
05/02/19,1643.339966,1665.26001,1642.5,1658.810059,1658.810059,4453100
06/02/19,1670.75,1672.26001,1633.339966,1640.26001,1640.26001,3939900
07/02/19,1625,1625.540039,1592.910034,1614.369995,1614.369995,4626600
08/02/19,1586,1588.589966,1566.76001,1588.219971,1588.219971,5657500
11/02/19,1600.97998,1609.290039,1586,1591,1591,3317300
12/02/19,1604,1639.400024,1598.880005,1638.01001,1638.01001,4858600
13/02/19,1647,1656.380005,1637.109985,1640,1640,3560300
14/02/19,1624.5,1637.900024,1606.060059,1622.650024,1622.650024,4120500
15/02/19,1627.859985,1628.910034,1604.5,1607.949951,1607.949951,4343900
19/02/19,1601,1634,1600.560059,1627.579956,1627.579956,3681700
20/02/19,1630,1634.930054,1610.119995,1622.099976,1622.099976,3337600
21/02/19,1619.849976,1623.560059,1600.910034,1619.439941,1619.439941,3483400
22/02/19,1623.5,1634.939941,1621.170044,1631.560059,1631.560059,3096200
25/02/19,1641.449951,1654.599976,1630.390015,1633,1633,3184500
26/02/19,1625.97998,1639.98999,1616.130005,1636.400024,1636.400024,2665800
27/02/19,1628.180054,1641.810059,1615.099976,1641.089966,1641.089966,3148800
28/02/19,1635.25,1651.77002,1633.829956,1639.829956,1639.829956,3025900
01/03/19,1655.130005,1674.26001,1651,1671.72998,1671.72998,4974900
04/03/19,1685,1709.430054,1674.359985,1696.170044,1696.170044,6167400
05/03/19,1702.949951,1707.800049,1689.01001,1692.430054,1692.430054,3681500
06/03/19,1695.969971,1697.75,1668.280029,1668.949951,1668.949951,3996000
07/03/19,1667.369995,1669.75,1620.51001,1625.949951,1625.949951,4957000
08/03/19,1604.01001,1622.719971,1586.569946,1620.800049,1620.800049,4667000
11/03/19,1626.119995,1672.290039,1626.01001,1670.619995,1670.619995,3876400
12/03/19,1669,1684.27002,1660.97998,1673.099976,1673.099976,3614500
13/03/19,1683,1700,1679.349976,1690.810059,1690.810059,3552000
14/03/19,1691.199951,1702,1684.339966,1686.219971,1686.219971,2946600
15/03/19,1703,1718.800049,1693.130005,1712.359985,1712.359985,7550900
18/03/19,1712.699951,1750,1712.630005,1742.150024,1742.150024,5429100
19/03/19,1753.51001,1784.160034,1753.51001,1761.849976,1761.849976,6364200
20/03/19,1769.939941,1799.5,1767.030029,1797.27002,1797.27002,6265600
21/03/19,1796.26001,1823.75,1787.280029,1819.26001,1819.26001,5767800
22/03/19,1810.170044,1818.97998,1763.109985,1764.77002,1764.77002,6363000
25/03/19,1757.790039,1782.680054,1747.5,1774.26001,1774.26001,5103800
26/03/19,1793,1805.77002,1773.359985,1783.76001,1783.76001,4865900
27/03/19,1784.130005,1787.5,1745.680054,1765.699951,1765.699951,4324800
28/03/19,1770,1777.930054,1753.469971,1773.420044,1773.420044,3043000
29/03/19,1786.579956,1792.859985,1776.630005,1780.75,1780.75,3320800
01/04/19,1800.109985,1815.670044,1798.72998,1814.189941,1814.189941,4238800
02/04/19,1811.02002,1820,1805.119995,1813.97998,1813.97998,3448100
03/04/19,1826.719971,1830,1809.619995,1820.699951,1820.699951,3980600
04/04/19,1820.650024,1828.75,1804.199951,1818.859985,1818.859985,3623900
05/04/19,1829,1838.579956,1825.189941,1837.280029,1837.280029,3640500
08/04/19,1833.22998,1850.199951,1825.109985,1849.859985,1849.859985,3752800
09/04/19,1845.48999,1853.089966,1831.780029,1835.839966,1835.839966,3714400
10/04/19,1841,1848,1828.810059,1847.329956,1847.329956,2964000
11/04/19,1848.699951,1849.949951,1840.310059,1844.069946,1844.069946,2654800
12/04/19,1848.400024,1851.5,1841.300049,1843.060059,1843.060059,3114400
15/04/19,1842,1846.849976,1818.900024,1844.869995,1844.869995,3724400
16/04/19,1851.349976,1869.77002,1848,1863.040039,1863.040039,3044600
17/04/19,1872.98999,1876.469971,1860.439941,1864.819946,1864.819946,2893500
18/04/19,1868.790039,1870.819946,1859.47998,1861.689941,1861.689941,2749900
22/04/19,1855.400024,1888.420044,1845.640015,1887.310059,1887.310059,3373800
23/04/19,1891.199951,1929.26001,1889.579956,1923.77002,1923.77002,4640400
24/04/19,1925,1929.689941,1898.160034,1901.75,1901.75,3675800
25/04/19,1917,1922.449951,1900.310059,1902.25,1902.25,6099100
26/04/19,1929,1951,1898,1950.630005,1950.630005,8432600
29/04/19,1949,1956.339966,1934.089966,1938.430054,1938.430054,4021300
30/04/19,1930.099976,1935.709961,1906.949951,1926.52002,1926.52002,3506000
01/05/19,1933.089966,1943.640015,1910.550049,1911.52002,1911.52002,3117000
02/05/19,1913.329956,1921.550049,1881.869995,1900.819946,1900.819946,3962900
03/05/19,1949,1964.400024,1936,1962.459961,1962.459961,6381600
06/05/19,1917.97998,1959,1910.5,1950.550049,1950.550049,5417800
07/05/19,1939.98999,1949.099976,1903.380005,1921,1921,5902100
08/05/19,1918.869995,1935.369995,1910,1917.77002,1917.77002,4078600
09/05/19,1900,1909.400024,1876,1899.869995,1899.869995,5308300
10/05/19,1898,1903.790039,1856,1889.97998,1889.97998,5718000
13/05/19,1836.560059,1846.540039,1818,1822.680054,1822.680054,5783400
14/05/19,1839.5,1852.439941,1815.75,1840.119995,1840.119995,4629100
15/05/19,1827.949951,1874.430054,1823,1871.150024,1871.150024,4692600
16/05/19,1885.939941,1917.51001,1882.290039,1907.569946,1907.569946,4707800
17/05/19,1893.050049,1910.530029,1867.329956,1869,1869,4736600
20/05/19,1852.689941,1867.780029,1835.540039,1858.969971,1858.969971,3798200
21/05/19,1874.790039,1879,1846,1857.52002,1857.52002,4005100
22/05/19,1851.780029,1871.48999,1851,1859.680054,1859.680054,2936600
23/05/19,1836.589966,1844,1804.199951,1815.47998,1815.47998,4424300
24/05/19,1835.890015,1841.76001,1817.849976,1823.280029,1823.280029,3369700
28/05/19,1832.75,1849.27002,1827.349976,1836.430054,1836.430054,3200000
29/05/19,1823.119995,1830,1807.530029,1819.189941,1819.189941,4279000
30/05/19,1825.48999,1829.469971,1807.829956,1816.319946,1816.319946,3146900
31/05/19,1790.01001,1795.589966,1772.699951,1775.069946,1775.069946,4618800
03/06/19,1760.01001,1766.290039,1672,1692.689941,1692.689941,9098700
04/06/19,1699.23999,1730.819946,1680.890015,1729.560059,1729.560059,5679100
05/06/19,1749.599976,1752,1715.25,1738.5,1738.5,4239800
06/06/19,1737.709961,1760,1726.130005,1754.359985,1754.359985,3689300
07/06/19,1763.699951,1806.25,1759.48999,1804.030029,1804.030029,4808200
10/06/19,1822,1884.869995,1818,1860.630005,1860.630005,5371000
11/06/19,1883.25,1893.699951,1858,1863.699951,1863.699951,4042700
12/06/19,1853.97998,1865,1844.380005,1855.319946,1855.319946,2674500
13/06/19,1866.719971,1883.089966,1862.219971,1870.300049,1870.300049,2795800
14/06/19,1864,1876,1859,1869.670044,1869.670044,2851200
17/06/19,1876.5,1895.689941,1875.449951,1886.030029,1886.030029,2634300
18/06/19,1901.349976,1921.670044,1899.790039,1901.369995,1901.369995,3895700
19/06/19,1907.839966,1919.579956,1892.469971,1908.790039,1908.790039,2895300
20/06/19,1933.329956,1935.199951,1905.800049,1918.189941,1918.189941,3217200
21/06/19,1916.099976,1925.949951,1907.579956,1911.300049,1911.300049,3933600
24/06/19,1912.660034,1916.859985,1901.300049,1913.900024,1913.900024,2283000
25/06/19,1911.839966,1916.390015,1872.420044,1878.27002,1878.27002,3012300
26/06/19,1892.47998,1903.800049,1887.319946,1897.829956,1897.829956,2441900
27/06/19,1902,1911.23999,1898.040039,1904.280029,1904.280029,2141700
28/06/19,1909.099976,1912.939941,1884,1893.630005,1893.630005,3037400
01/07/19,1922.97998,1929.819946,1914.660034,1922.189941,1922.189941,3203300
02/07/19,1919.380005,1934.790039,1906.630005,1934.310059,1934.310059,2645900
03/07/19,1935.890015,1941.589966,1930.5,1939,1939,1690300
05/07/19,1928.599976,1945.900024,1925.300049,1942.910034,1942.910034,2628400
08/07/19,1934.119995,1956,1928.25,1952.319946,1952.319946,2883400
09/07/19,1947.800049,1990.01001,1943.47998,1988.300049,1988.300049,4345700
10/07/19,1996.51001,2024.939941,1995.400024,2017.410034,2017.410034,4931900
11/07/19,2025.619995,2035.800049,1995.300049,2001.069946,2001.069946,4317800
12/07/19,2008.27002,2017,2003.869995,2011,2011,2509300
15/07/19,2021.400024,2022.900024,2001.550049,2020.98999,2020.98999,2981300
16/07/19,2010.579956,2026.319946,2001.219971,2009.900024,2009.900024,2618200
17/07/19,2007.050049,2012,1992.030029,1992.030029,1992.030029,2558800
18/07/19,1980.01001,1987.5,1951.550049,1977.900024,1977.900024,3504300
19/07/19,1991.209961,1996,1962.22998,1964.52002,1964.52002,3185600
22/07/19,1971.140015,1989,1958.26001,1985.630005,1985.630005,2900000
23/07/19,1995.98999,1997.790039,1973.130005,1994.48999,1994.48999,2703500
24/07/19,1969.300049,2001.300049,1965.869995,2000.810059,2000.810059,2631300
25/07/19,2001,2001.199951,1972.719971,1973.819946,1973.819946,4136500
26/07/19,1942,1950.900024,1924.51001,1943.050049,1943.050049,4927100
29/07/19,1930,1932.22998,1890.540039,1912.449951,1912.449951,4493200
30/07/19,1891.119995,1909.890015,1883.47998,1898.530029,1898.530029,2910900
31/07/19,1898.109985,1899.550049,1849.439941,1866.780029,1866.780029,4470700
01/08/19,1871.719971,1897.920044,1844.01001,1855.319946,1855.319946,4713300
02/08/19,1845.069946,1846.359985,1808.02002,1823.23999,1823.23999,4956200
05/08/19,1770.219971,1788.670044,1748.780029,1765.130005,1765.130005,6058200
06/08/19,1792.22998,1793.77002,1753.400024,1787.829956,1787.829956,5070300
07/08/19,1773.98999,1798.930054,1757,1793.400024,1793.400024,4526900
08/08/19,1806,1834.26001,1798.109985,1832.890015,1832.890015,3701200
09/08/19,1828.949951,1831.089966,1802.219971,1807.579956,1807.579956,2879800
12/08/19,1795.98999,1800.97998,1777,1784.920044,1784.920044,2905500
13/08/19,1783,1831.73999,1780,1824.339966,1824.339966,3994000
14/08/19,1793.01001,1795.650024,1757.219971,1762.959961,1762.959961,4893600
15/08/19,1781.98999,1788,1761.959961,1776.119995,1776.119995,3759100
16/08/19,1792.890015,1802.910034,1784.550049,1792.569946,1792.569946,3018000
19/08/19,1818.079956,1826,1812.609985,1816.119995,1816.119995,2816300
20/08/19,1814.5,1816.819946,1799.880005,1801.380005,1801.380005,1929500
21/08/19,1819.390015,1829.579956,1815,1823.540039,1823.540039,2031800
22/08/19,1828,1829.410034,1800.099976,1804.660034,1804.660034,2653500
23/08/19,1793.030029,1804.900024,1745.22998,1749.619995,1749.619995,5270800
26/08/19,1766.910034,1770,1743.51001,1768.869995,1768.869995,3080000
27/08/19,1775.72998,1779.400024,1746.680054,1761.829956,1761.829956,3019700
28/08/19,1755,1767.859985,1744.050049,1764.25,1764.25,2419700
29/08/19,1783,1798.550049,1777.25,1786.400024,1786.400024,3015100
30/08/19,1797.48999,1799.73999,1764.569946,1776.290039,1776.290039,3058700
03/09/19,1770,1800.800049,1768,1789.839966,1789.839966,3543000
04/09/19,1805,1807.630005,1796.22998,1800.619995,1800.619995,2324100
05/09/19,1821.949951,1842,1815.579956,1840.719971,1840.719971,3310800
06/09/19,1838.219971,1840.650024,1826.400024,1833.51001,1833.51001,2496900
09/09/19,1841,1850,1824.609985,1831.349976,1831.349976,2999500
10/09/19,1822.75,1825.810059,1805.339966,1820.550049,1820.550049,2613900
11/09/19,1812.140015,1833.420044,1809.079956,1822.98999,1822.98999,2432800
12/09/19,1837.630005,1853.660034,1834.280029,1843.550049,1843.550049,2823500
13/09/19,1842.01001,1846.119995,1835.170044,1839.339966,1839.339966,1971300
16/09/19,1824.02002,1825.689941,1800.199951,1807.839966,1807.839966,3675500
17/09/19,1807.079956,1823.98999,1804.099976,1822.550049,1822.550049,1982400
18/09/19,1817.040039,1822.060059,1795.5,1817.459961,1817.459961,2505600
19/09/19,1821.02002,1832.569946,1817.900024,1821.5,1821.5,2031500
20/09/19,1821.709961,1830.630005,1780.920044,1794.160034,1794.160034,5341900
23/09/19,1777,1792.699951,1767.319946,1785.300049,1785.300049,2922300
24/09/19,1790.609985,1795.709961,1735.550049,1741.609985,1741.609985,4616000
25/09/19,1747.359985,1773,1723,1768.329956,1768.329956,3493200
26/09/19,1762.790039,1763.369995,1731.5,1739.839966,1739.839966,3536800
27/09/19,1748,1749.119995,1713.819946,1725.449951,1725.449951,3907200
30/09/19,1726.98999,1737.459961,1709.219971,1735.910034,1735.910034,2644700
01/10/19,1746,1755.599976,1728.410034,1735.650024,1735.650024,3084500
02/10/19,1727.73999,1728.890015,1705,1713.22998,1713.22998,3301100
03/10/19,1713,1725,1685.060059,1724.420044,1724.420044,3468200
04/10/19,1726.02002,1740.579956,1719.22998,1739.650024,1739.650024,2471900
07/10/19,1731.630005,1747.829956,1723.699951,1732.660034,1732.660034,2154700
08/10/19,1722.48999,1727,1705,1705.51001,1705.51001,2542000
09/10/19,1719.609985,1729.949951,1714.359985,1721.98999,1721.98999,2043500
10/10/19,1725.23999,1738.290039,1713.75,1720.26001,1720.26001,2575200
11/10/19,1742.920044,1745.449951,1729.859985,1731.920044,1731.920044,3255000
14/10/19,1728.910034,1741.890015,1722,1736.430054,1736.430054,1910200
15/10/19,1742.140015,1776.449951,1740.619995,1767.380005,1767.380005,3111700
16/10/19,1773.329956,1786.23999,1770.52002,1777.430054,1777.430054,2763400
17/10/19,1796.48999,1798.849976,1782.02002,1787.47998,1787.47998,2647400
18/10/19,1787.800049,1793.97998,1749.199951,1757.51001,1757.51001,3362500
21/10/19,1769.660034,1785.880005,1765,1785.660034,1785.660034,2130400
22/10/19,1788.150024,1789.780029,1762,1765.72998,1765.72998,2111700
23/10/19,1761.300049,1770.050049,1742,1762.170044,1762.170044,2138200
24/10/19,1771.089966,1788.339966,1760.27002,1780.780029,1780.780029,4446100
25/10/19,1697.550049,1764.209961,1695,1761.329956,1761.329956,9626400
28/10/19,1748.060059,1778.699951,1742.5,1777.079956,1777.079956,3708900
29/10/19,1774.810059,1777,1755.810059,1762.709961,1762.709961,2276900
30/10/19,1760.23999,1782.380005,1759.119995,1779.98999,1779.98999,2449400
31/10/19,1775.98999,1792,1771.47998,1776.660034,1776.660034,2781200
01/11/19,1788.01001,1797.449951,1785.209961,1791.439941,1791.439941,2790400
04/11/19,1801.01001,1815.060059,1801.01001,1804.660034,1804.660034,2771900
05/11/19,1809.160034,1810.25,1794,1801.709961,1801.709961,1885500
06/11/19,1801,1802.5,1788.579956,1795.77002,1795.77002,2029800
07/11/19,1803.76001,1805.900024,1783.47998,1788.199951,1788.199951,2651100
08/11/19,1787.890015,1789.880005,1774.040039,1785.880005,1785.880005,2123300
11/11/19,1778,1780,1767.130005,1771.650024,1771.650024,1946000
12/11/19,1774.660034,1786.219971,1771.910034,1778,1778,2037600
13/11/19,1773.390015,1775,1747.319946,1753.109985,1753.109985,2989500
14/11/19,1751.430054,1766.589966,1749.560059,1754.599976,1754.599976,2264800
15/11/19,1760.050049,1761.680054,1732.859985,1739.48999,1739.48999,3927600
18/11/19,1738.300049,1753.699951,1722.709961,1752.530029,1752.530029,2839500
19/11/19,1756.98999,1760.680054,1743.030029,1752.790039,1752.790039,2270800
20/11/19,1749.140015,1762.52002,1734.119995,1745.530029,1745.530029,2790000
21/11/19,1743,1746.869995,1730.359985,1734.709961,1734.709961,2662900
22/11/19,1739.02002,1746.430054,1731,1745.719971,1745.719971,2479100
25/11/19,1753.25,1777.420044,1753.23999,1773.839966,1773.839966,3486200
26/11/19,1779.920044,1797.030029,1778.349976,1796.939941,1796.939941,3181200
27/11/19,1801,1824.5,1797.310059,1818.51001,1818.51001,3025600
29/11/19,1817.780029,1824.689941,1800.790039,1800.800049,1800.800049,1923400
02/12/19,1804.400024,1805.550049,1762.680054,1781.599976,1781.599976,3925600
03/12/19,1760,1772.869995,1747.22998,1769.959961,1769.959961,3380900
04/12/19,1774.01001,1789.089966,1760.219971,1760.689941,1760.689941,2670100
05/12/19,1763.5,1763.5,1740,1740.47998,1740.47998,2823800
06/12/19,1751.199951,1754.400024,1740.130005,1751.599976,1751.599976,3117400
09/12/19,1750.660034,1766.890015,1745.609985,1749.51001,1749.51001,2442800
10/12/19,1747.400024,1750.670044,1735,1739.209961,1739.209961,2514300
11/12/19,1741.670044,1750,1735.709961,1748.719971,1748.719971,2097600
12/12/19,1750,1764,1745.439941,1760.329956,1760.329956,3095900
13/12/19,1765,1768.98999,1755,1760.939941,1760.939941,2745700
16/12/19,1767,1769.5,1757.050049,1769.209961,1769.209961,3145200
17/12/19,1778.01001,1792,1777.390015,1790.660034,1790.660034,3644400
18/12/19,1795.02002,1798.199951,1782.359985,1784.030029,1784.030029,3351400
19/12/19,1780.5,1792.98999,1774.060059,1792.280029,1792.280029,2652800
20/12/19,1799.619995,1802.969971,1782.449951,1786.5,1786.5,5150800
23/12/19,1788.26001,1793,1784.51001,1793,1793,2136400
24/12/19,1793.810059,1795.569946,1787.579956,1789.209961,1789.209961,881300
26/12/19,1801.01001,1870.459961,1799.5,1868.77002,1868.77002,6005400
27/12/19,1882.920044,1901.400024,1866.01001,1869.800049,1869.800049,6186600
30/12/19,1874,1884,1840.619995,1846.890015,1846.890015,3674700
31/12/19,1842,1853.26001,1832.22998,1847.839966,1847.839966,2506500
02/01/20,1875,1898.01001,1864.150024,1898.01001,1898.01001,4029000
03/01/20,1864.5,1886.199951,1864.5,1874.969971,1874.969971,3764400
06/01/20,1860,1903.689941,1860,1902.880005,1902.880005,4061800
07/01/20,1904.5,1913.890015,1892.040039,1906.859985,1906.859985,4044900
08/01/20,1898.040039,1911,1886.439941,1891.969971,1891.969971,3508000
09/01/20,1909.890015,1917.819946,1895.800049,1901.050049,1901.050049,3167300
10/01/20,1905.369995,1906.939941,1880,1883.160034,1883.160034,2853700
13/01/20,1891.310059,1898,1880.800049,1891.300049,1891.300049,2780800
14/01/20,1885.880005,1887.109985,1858.550049,1869.439941,1869.439941,3440900
15/01/20,1872.25,1878.859985,1855.089966,1862.02002,1862.02002,2896600
16/01/20,1882.98999,1885.589966,1866.02002,1877.939941,1877.939941,2659500
17/01/20,1885.890015,1886.640015,1857.25,1864.719971,1864.719971,3997300
21/01/20,1865,1894.27002,1860,1892,1892,3707800
22/01/20,1896.089966,1902.5,1883.339966,1887.459961,1887.459961,3216300
23/01/20,1885.109985,1889.97998,1872.76001,1884.579956,1884.579956,2484600
24/01/20,1891.369995,1894.98999,1847.439941,1861.640015,1861.640015,3766200
27/01/20,1820,1841,1815.339966,1828.339966,1828.339966,3528500
28/01/20,1840.5,1858.109985,1830.02002,1853.25,1853.25,2808000
29/01/20,1864,1874.75,1855.02002,1858,1858,2088000
30/01/20,1858,1872.869995,1850.609985,1870.680054,1870.680054,6327400
31/01/20,2051.469971,2055.719971,2002.27002,2008.719971,2008.719971,15567300
03/02/20,2010.599976,2048.5,2000.25,2004.199951,2004.199951,5899100
04/02/20,2029.880005,2059.800049,2015.369995,2049.669922,2049.669922,5289300
05/02/20,2071.02002,2071.02002,2032,2039.869995,2039.869995,4376200
06/02/20,2041.02002,2056.300049,2024.800049,2050.22998,2050.22998,3183000
07/02/20,2041.98999,2098.530029,2038.099976,2079.280029,2079.280029,5095300
10/02/20,2085.01001,2135.600098,2084.959961,2133.909912,2133.909912,5056200
11/02/20,2150.899902,2185.949951,2136,2150.800049,2150.800049,5746000
12/02/20,2163.199951,2180.25,2155.290039,2160,2160,3334300
13/02/20,2144.98999,2170.280029,2142,2149.870117,2149.870117,3031800
14/02/20,2155.679932,2159.040039,2125.889893,2134.870117,2134.870117,2606200
18/02/20,2125.02002,2166.070068,2124.110107,2155.669922,2155.669922,2945600
19/02/20,2167.800049,2185.100098,2161.120117,2170.219971,2170.219971,2561200
20/02/20,2173.070068,2176.790039,2127.449951,2153.100098,2153.100098,3131300
21/02/20,2142.149902,2144.550049,2088,2095.969971,2095.969971,4646300
24/02/20,2003.180054,2039.300049,1987.969971,2009.290039,2009.290039,6547000
25/02/20,2026.420044,2034.599976,1958.420044,1972.73999,1972.73999,6219100
26/02/20,1970.280029,2014.670044,1960.449951,1979.589966,1979.589966,5224600
27/02/20,1934.380005,1975,1882.76001,1884.300049,1884.300049,8144000
28/02/20,1814.630005,1889.76001,1811.130005,1883.75,1883.75,9493800
02/03/20,1906.48999,1954.51001,1870,1953.949951,1953.949951,6761700
03/03/20,1975.369995,1996.329956,1888.089966,1908.98999,1908.98999,7534500
04/03/20,1946.569946,1978,1922,1975.829956,1975.829956,4772900
05/03/20,1933,1960.719971,1910,1924.030029,1924.030029,4748200
06/03/20,1875,1910.869995,1869.5,1901.089966,1901.089966,5273600
09/03/20,1773.859985,1862.77002,1761.290039,1800.609985,1800.609985,7813200
10/03/20,1870.880005,1894.27002,1818.170044,1891.819946,1891.819946,7133300
11/03/20,1857.849976,1871.319946,1801.5,1820.859985,1820.859985,5624800
12/03/20,1721.97998,1765,1675,1676.609985,1676.609985,11346200
13/03/20,1755,1786.310059,1680.619995,1785,1785,8809700
16/03/20,1641.51001,1759.449951,1626.030029,1689.150024,1689.150024,8917300
17/03/20,1775.469971,1857.780029,1689.23999,1807.839966,1807.839966,10917100
18/03/20,1750,1841.660034,1745,1830,1830,9645200
19/03/20,1860,1945,1832.650024,1880.930054,1880.930054,10399900
20/03/20,1926.310059,1957,1820.72998,1846.089966,1846.089966,9817900
23/03/20,1827.75,1919.400024,1812,1902.829956,1902.829956,7808500
24/03/20,1951.5,1955,1900.339966,1940.099976,1940.099976,7147100
25/03/20,1920.689941,1950.26001,1885.780029,1885.839966,1885.839966,6479100
26/03/20,1902,1956.48999,1889.290039,1955.48999,1955.48999,6221300
27/03/20,1930.859985,1939.790039,1899.920044,1900.099976,1900.099976,5387900
30/03/20,1922.829956,1973.630005,1912.339966,1963.949951,1963.949951,6126100
31/03/20,1964.349976,1993.02002,1944.01001,1949.719971,1949.719971,5123600
01/04/20,1932.969971,1944.959961,1893,1907.699951,1907.699951,4121900
02/04/20,1901.640015,1927.530029,1890,1918.829956,1918.829956,4336000
03/04/20,1911.150024,1926.329956,1889.150024,1906.589966,1906.589966,3609900
06/04/20,1936,1998.52002,1930.02002,1997.589966,1997.589966,5773200
07/04/20,2017.109985,2035.719971,1997.619995,2011.599976,2011.599976,5114000
08/04/20,2021,2044,2011.150024,2043,2043,3977300
09/04/20,2044.300049,2053,2017.660034,2042.76001,2042.76001,4655600
13/04/20,2040,2180,2038,2168.870117,2168.870117,6716700
14/04/20,2200.469971,2292,2186.209961,2283.320068,2283.320068,8087200
15/04/20,2257.679932,2333.370117,2245,2307.679932,2307.679932,6866600
16/04/20,2346,2461,2335,2408.189941,2408.189941,12038200
17/04/20,2372.330078,2400,2316.02002,2375,2375,7930000
20/04/20,2389.949951,2444.97998,2386.050049,2393.610107,2393.610107,5770700
21/04/20,2416.610107,2428.310059,2279.659912,2328.120117,2328.120117,7476700
22/04/20,2369,2394,2351,2363.48999,2363.48999,4218300
23/04/20,2399.97998,2424.219971,2382.080078,2399.449951,2399.449951,5066600
24/04/20,2417,2420.429932,2382,2410.219971,2410.219971,3831800
27/04/20,2443.199951,2444.879883,2363,2376,2376,5645600
28/04/20,2372.100098,2373.5,2306,2314.080078,2314.080078,5269400
29/04/20,2330.01001,2391.889893,2310,2372.709961,2372.709961,4591600
30/04/20,2419.840088,2475,2396.01001,2474,2474,9534600
01/05/20,2336.800049,2362.439941,2258.189941,2286.040039,2286.040039,9772600
04/05/20,2256.379883,2326.97998,2256.379883,2315.98999,2315.98999,4865900
05/05/20,2340,2351,2307.129883,2317.800049,2317.800049,3242500
06/05/20,2329.439941,2357.449951,2320,2351.26001,2351.26001,3117800
07/05/20,2374.780029,2376,2343.110107,2367.610107,2367.610107,3396400
08/05/20,2372.139893,2387.23999,2357,2379.610107,2379.610107,3211200
11/05/20,2374.699951,2419.669922,2372.110107,2409,2409,3259200
12/05/20,2411.850098,2419,2355,2356.949951,2356.949951,3074900
13/05/20,2366.800049,2407.699951,2337.800049,2367.919922,2367.919922,4782900
14/05/20,2361.01001,2391.370117,2353.209961,2388.850098,2388.850098,3648100
15/05/20,2368.52002,2411,2356.370117,2409.780029,2409.780029,4235000
18/05/20,2404.350098,2433,2384.01001,2426.26001,2426.26001,4366600
19/05/20,2429.830078,2485,2428.969971,2449.330078,2449.330078,4320500
20/05/20,2477.870117,2500.01001,2467.27002,2497.939941,2497.939941,3998100
21/05/20,2500,2525.449951,2442.540039,2446.73999,2446.73999,5114400
22/05/20,2455.01001,2469.850098,2430.129883,2436.879883,2436.879883,2867100
26/05/20,2458,2462,2414.060059,2421.860107,2421.860107,3568200
27/05/20,2404.98999,2413.580078,2330,2410.389893,2410.389893,5056900
28/05/20,2384.330078,2436.969971,2378.22998,2401.100098,2401.100098,3190200
29/05/20,2415.939941,2442.370117,2398.199951,2442.370117,2442.370117,3529300
01/06/20,2448,2476.929932,2444.169922,2471.040039,2471.040039,2928900
02/06/20,2467,2473.530029,2445.310059,2472.409912,2472.409912,2529900
03/06/20,2468.01001,2488,2461.169922,2478.399902,2478.399902,2671000
04/06/20,2477.429932,2507.540039,2450.01001,2460.600098,2460.600098,2948700
05/06/20,2444.51001,2488.649902,2437.129883,2483,2483,3306400
08/06/20,2500.199951,2530,2487.340088,2524.060059,2524.060059,3970700
09/06/20,2529.439941,2626.429932,2525,2600.860107,2600.860107,5176000
10/06/20,2645,2722.350098,2626.26001,2647.449951,2647.449951,4946000
11/06/20,2603.5,2671.379883,2536.22998,2557.959961,2557.959961,5800100
12/06/20,2601.209961,2621.47998,2503.350098,2545.02002,2545.02002,5429600
15/06/20,2526.600098,2584,2508,2572.679932,2572.679932,3865100
16/06/20,2620,2620,2576,2615.27002,2615.27002,3585600
17/06/20,2647.5,2655,2631.820068,2640.97998,2640.97998,2951100
18/06/20,2647.01001,2659.639893,2636.110107,2653.97998,2653.97998,2487800
19/06/20,2678.080078,2697.429932,2659,2675.01001,2675.01001,5777000
22/06/20,2684.5,2715,2669,2713.820068,2713.820068,3208800
23/06/20,2726.02002,2783.110107,2718.040039,2764.409912,2764.409912,4231700
24/06/20,2780,2796,2721,2734.399902,2734.399902,4526600
25/06/20,2739.550049,2756.22998,2712.139893,2754.580078,2754.580078,2968700
26/06/20,2775.060059,2782.570068,2688,2692.870117,2692.870117,6500800
29/06/20,2690.01001,2696.800049,2630.080078,2680.379883,2680.379883,4223400
30/06/20,2685.070068,2769.629883,2675.030029,2758.820068,2758.820068,3769700
01/07/20,2757.98999,2895,2754,2878.699951,2878.699951,6363400
02/07/20,2912.01001,2955.560059,2871.100098,2890.300049,2890.300049,6593400
06/07/20,2934.969971,3059.879883,2930,3057.040039,3057.040039,6880600
07/07/20,3058.550049,3069.550049,2990,3000.120117,3000.120117,5257500
08/07/20,3022.610107,3083.969971,3012.429932,3081.110107,3081.110107,5037600
09/07/20,3115.98999,3193.879883,3074,3182.629883,3182.629883,6388700
10/07/20,3191.76001,3215,3135.699951,3200,3200,5486000
13/07/20,3251.060059,3344.290039,3068.389893,3104,3104,7720400
14/07/20,3089,3127.379883,2950,3084,3084,7231900
15/07/20,3080.22998,3098.350098,2973.179932,3008.870117,3008.870117,5788900
16/07/20,2971.060059,3032,2918.22998,2999.899902,2999.899902,6394200
17/07/20,3009,3024,2948.449951,2961.969971,2961.969971,4761300
20/07/20,3000.199951,3201.360107,2994.02002,3196.840088,3196.840088,7598200
21/07/20,3232.48999,3240.580078,3105.719971,3138.290039,3138.290039,6135000
22/07/20,3125,3150,3065.26001,3099.909912,3099.909912,4104200
23/07/20,3098.27002,3098.27002,2970,2986.550049,2986.550049,5656900
24/07/20,2930,3031.580078,2888,3008.909912,3008.909912,5632400
27/07/20,3062,3098,3015.77002,3055.209961,3055.209961,4170500
28/07/20,3054.27002,3077.090088,2995.76001,3000.330078,3000.330078,3126700
29/07/20,3030.98999,3039.159912,2996.77002,3033.530029,3033.530029,2974100
30/07/20,3014,3092,3005,3051.879883,3051.879883,6128300
31/07/20,3244,3246.820068,3151,3164.679932,3164.679932,8085500
03/08/20,3180.51001,3184,3104,3111.889893,3111.889893,5074700
04/08/20,3101.209961,3167.23999,3101.209961,3138.830078,3138.830078,4694300
05/08/20,3143.77002,3213.590088,3127.300049,3205.030029,3205.030029,3930000
06/08/20,3194.360107,3247.469971,3165.429932,3225,3225,3940600
07/08/20,3224.01001,3240.810059,3140.669922,3167.459961,3167.459961,3929600
10/08/20,3170.310059,3172.51001,3101.52002,3148.159912,3148.159912,3167300
11/08/20,3113.199951,3159.219971,3073,3080.669922,3080.669922,3718100
12/08/20,3108,3174.389893,3101.419922,3162.23999,3162.23999,3527200
13/08/20,3182.98999,3217.52002,3155,3161.02002,3161.02002,3149000
14/08/20,3178.179932,3178.23999,3120,3148.02002,3148.02002,2751700
17/08/20,3173.120117,3194.969971,3154.179932,3182.409912,3182.409912,2691200
18/08/20,3212,3320,3205.820068,3312.48999,3312.48999,5346000
19/08/20,3303.01001,3315.899902,3256,3260.47998,3260.47998,4185100
20/08/20,3252,3312.620117,3238,3297.370117,3297.370117,3332500
21/08/20,3295,3314.399902,3275.389893,3284.719971,3284.719971,3575900
24/08/20,3310.149902,3380.320068,3257.560059,3307.459961,3307.459961,4666300
25/08/20,3294.98999,3357.399902,3267,3346.48999,3346.48999,3992800
26/08/20,3351.110107,3451.73999,3344.570068,3441.850098,3441.850098,6508700
27/08/20,3450.050049,3453,3378,3400,3400,4264800
28/08/20,3423,3433.370117,3386.5,3401.800049,3401.800049,2897000
31/08/20,3408.98999,3495,3405,3450.959961,3450.959961,4185900
01/09/20,3489.580078,3513.870117,3467,3499.120117,3499.120117,3476400
02/09/20,3547,3552.25,3486.689941,3531.449951,3531.449951,3931500
03/09/20,3485,3488.409912,3303,3368,3368,8161100
04/09/20,3318,3381.5,3111.129883,3294.620117,3294.620117,8781800
08/09/20,3144,3250.850098,3130,3149.840088,3149.840088,6094200
09/09/20,3202.98999,3303.179932,3185,3268.610107,3268.610107,5188700
10/09/20,3307.219971,3349.889893,3170.550049,3175.110107,3175.110107,5330700
11/09/20,3208.689941,3217.340088,3083.97998,3116.219971,3116.219971,5094000
14/09/20,3172.939941,3187.389893,3096,3102.969971,3102.969971,4529600
15/09/20,3136.159912,3175.02002,3108.919922,3156.129883,3156.129883,4021500
16/09/20,3179.98999,3187.23999,3074.149902,3078.100098,3078.100098,4512200
17/09/20,3009.25,3029.429932,2972.550049,3008.72998,3008.72998,6449100
18/09/20,3031.73999,3037.800049,2905.540039,2954.909912,2954.909912,8892600
21/09/20,2906.5,2962,2871,2960.469971,2960.469971,6117900
22/09/20,3033.840088,3133.98999,3000.199951,3128.98999,3128.98999,6948800
23/09/20,3120.429932,3127,2992.379883,2999.860107,2999.860107,5652700
24/09/20,2977.790039,3069.300049,2965,3019.790039,3019.790039,5529400
25/09/20,3054.860107,3101.540039,2999,3095.129883,3095.129883,4615200
28/09/20,3148.850098,3175.040039,3117.169922,3174.050049,3174.050049,4224200
29/09/20,3175.389893,3188.26001,3132.540039,3144.879883,3144.879883,3495800
30/09/20,3141.139893,3212.879883,3133.98999,3148.72998,3148.72998,4883400
01/10/20,3208,3224,3172,3221.26001,3221.26001,4971900
02/10/20,3153.629883,3195.800049,3123,3125,3125,5613100
05/10/20,3145.840088,3202.530029,3140.850098,3199.199951,3199.199951,3775300
06/10/20,3165,3182,3090,3099.959961,3099.959961,5086900
07/10/20,3135,3200,3132.389893,3195.689941,3195.689941,4309400
08/10/20,3224.98999,3233.290039,3174.98999,3190.550049,3190.550049,3174100
09/10/20,3210,3288.98999,3197.830078,3286.649902,3286.649902,4907900
12/10/20,3349.939941,3496.23999,3339.550049,3442.929932,3442.929932,8364200
13/10/20,3467.98999,3492.379883,3424.219971,3443.629883,3443.629883,5744700
14/10/20,3447,3464.879883,3340,3363.709961,3363.709961,5828900
15/10/20,3292.01001,3355.879883,3280,3338.649902,3338.649902,5223400
16/10/20,3363.22998,3399.659912,3160,3272.709961,3272.709961,6474400
19/10/20,3299.610107,3329,3192.73999,3207.209961,3207.209961,5223600
20/10/20,3222.280029,3266,3192.01001,3217.01001,3217.01001,4509700
21/10/20,3212.5,3233.879883,3160,3184.939941,3184.939941,4592700
22/10/20,3189.870117,3198.75,3121.939941,3176.399902,3176.399902,4212000
23/10/20,3191,3205.330078,3140,3204.399902,3204.399902,3466700
26/10/20,3198.73999,3282.97998,3153.300049,3207.040039,3207.040039,5901200
27/10/20,3224.939941,3291.659912,3211.300049,3286.330078,3286.330078,4291000
28/10/20,3249.300049,3264.02002,3162.469971,3162.780029,3162.780029,5588300
29/10/20,3201.27002,3257.25,3164,3211.01001,3211.01001,6596500
30/10/20,3157.75,3167,3019,3036.149902,3036.149902,8386400
02/11/20,3061.73999,3079.709961,2950.120117,3004.47998,3004.47998,7257400
03/11/20,3018.530029,3074.899902,2980.97998,3048.409912,3048.409912,4897900
04/11/20,3159.98999,3244.850098,3139.72998,3241.159912,3241.159912,6839000
05/11/20,3319.969971,3366.800049,3288.879883,3322,3322,5789300
06/11/20,3304.639893,3322,3232,3311.370117,3311.370117,4647300
09/11/20,3231.030029,3289,3112.110107,3143.73999,3143.73999,7190400
10/11/20,3095.02002,3114,3019.47998,3035.02002,3035.02002,6591000
11/11/20,3061.780029,3139.149902,3050,3137.389893,3137.389893,4366900
12/11/20,3159.949951,3175.879883,3086.050049,3110.280029,3110.280029,4362000
13/11/20,3122,3141.719971,3085.389893,3128.810059,3128.810059,3756200
16/11/20,3093.199951,3142.699951,3072.689941,3131.060059,3131.060059,3808700
17/11/20,3183.540039,3189.25,3135.26001,3135.659912,3135.659912,3444700
18/11/20,3134,3140,3105.100098,3105.459961,3105.459961,2916800
19/11/20,3105.310059,3125,3080.919922,3117.02002,3117.02002,3010300
20/11/20,3117.02002,3132.889893,3098.050049,3099.399902,3099.399902,3374400
23/11/20,3116.699951,3139.75,3065.459961,3098.389893,3098.389893,4708900
24/11/20,3100.5,3134.25,3086.26001,3118.060059,3118.060059,3602100
25/11/20,3141.870117,3198,3140.26001,3185.070068,3185.070068,3790400
27/11/20,3211.26001,3216.189941,3190.050049,3195.340088,3195.340088,2392900
30/11/20,3208.47998,3228.389893,3125.550049,3168.040039,3168.040039,4063900
01/12/20,3188.5,3248.949951,3157.179932,3220.080078,3220.080078,4544400
02/12/20,3221.649902,3232,3173.26001,3203.530029,3203.530029,3129300
03/12/20,3205.459961,3228.639893,3181.310059,3186.72998,3186.72998,2892000
04/12/20,3198.209961,3198.209961,3158.76001,3162.580078,3162.580078,2913600
07/12/20,3156.47998,3180.76001,3141.689941,3158,3158,2751300
08/12/20,3158.899902,3184.129883,3120.02002,3177.290039,3177.290039,3286300
09/12/20,3167.889893,3174.429932,3088,3104.199951,3104.199951,4100800
10/12/20,3088.98999,3142.100098,3076,3101.48999,3101.48999,3030200
11/12/20,3096.659912,3118.669922,3072.820068,3116.419922,3116.419922,3062300
